text,label,notes,pre_labeled,human_overruled,ai_rationale
"I wanna be like you guys someday..... I just saw the comments in this sub, as a student just gonna start college soon . I really look up to people in this sub. I'm confused about getting colleges,major...specially between CSE and biotech...thing is I love business but there aren't many great schools in my country..Really reallly want that ceo tag someday...So, it'll really help if ya'll drop some advice u wish u had and also your take on the whole world situation,ai thing and things that a woman should know at the start on building their career",advice_request,,yes,,"The poster explicitly asks for actionable guidance on multiple fronts: which major to choose (CSE vs biotech), career advice they wish they'd had, perspectives on AI and the job market, and insights for women starting careers—all directed at resolving their current decision-making confusion."
"I recently found out my boss’ boss takes the guys on my team out for lunch all the time. They’ve created this little bro group. None of the women on the team are ever invited. One of the guys just told me about this. He brought it up casually and seemed super excited to share this. He even said, our boss’s boss offered to be their advocates. I’ve been working on a three projects nonstop and putting so much effort into my work. I can’t help but get really angry and sad. It’s like my work doesn’t matter. Meanwhile a guy who has 1 yoe gets favoritism? Idk what to do.",advice_request,,yes,,The poster describes unfair treatment and ends with 'Idk what to do'—they are seeking actionable guidance on how to handle this situation of workplace discrimination and favoritism.
"How to inform manager about FMLA for mental health?
I have severe anxiety and I’m now anxious about informing my manager about my FMLA for mental health.
There are no clear steps on how to go about the process. My job has pushed me over the edge and I cannot deal with it any more.
There is conflicting info everywhere. Some places ask to submit the claim with the 3rd party vendor and then inform my workplace. Some say filing the claim itself informs the workplace. I’m so confused and I’m struggling with all of the information.

I’m worried about telling my workplace. They will not consider mental health seriously. Please help with the steps.

I do have a psychiatrist whom I have been seeing for the last three months and I am on medication management. My PCP and therapist are also on board with this. My psychiatrist has deemed it necessary to go on leave.

I’m in California, have worked for the company for 3+ years and am eligible for fmla.",advice_request,,yes,,"The poster explicitly asks 'Please help with the steps' and seeks actionable guidance on the specific procedural question of how to inform their manager about FMLA for mental health, with the goal of resolving confusion about the filing process."
"I’m being pushed out of being the lead in a project, what do I do?
I’m doing an engineering sustainability challenge and there’s 7 of us in the team. I’ve been leading the meetings and created the discord and keeping in contact with everyone. I got super sick and I had to ask someone to lead the meeting for me and I regret it so much. It was definitely an important meeting to miss but I was so nauseous and I couldn’t sit for 5 min without running to the bathroom to throw up. Now the person I asked to lead the meetings is meeting privately with one of our mentors and they haven’t asked me to be apart of it. I want to go back to taking over but I’m not sure how. What do I do ? I’m so upset. I’ve been debating messaging my mentor and asking if I could have the same advice she gave her in their private meeting (it was about how to lead the meetings)",advice_request,Looking for advice,yes,,The poster describes their situation and explicitly asks 'What do I do?' seeking actionable guidance on how to reclaim their leadership role and navigate the interpersonal dynamics with their teammate and mentor.
"Hybrid 2 days vs fully remote? Work/life balance?
landed an offer for a hybrid role that pays considerably more, better benefits, also responsible for more (scrum master in high transformation environment). Also landed a fully remote with a smaller company still growing (business analyst). In the interviews for the ba role, team/manager seemed pretty friendly, connected with them well. I didn't really get to feel out the other org colleagues much.

How has your experience been doing a hybrid vs remote role? Is it a pretty big difference for you when it comes to work/life balance?",advice_request,,yes,,The poster presents two specific job offers with different working arrangements and seeks comparative guidance on which to choose based on work/life balance experiences—a genuine decision problem the community can help resolve.
"Good companies for Women in Tech
Feeling exceptionally burned out at my current employer and role (technical program manager) Recent layoffs unloaded 70% of the workforce in this company and as a survivor, I am absolutely burned out. I want to make a switch out of this industry but I worked so hard to get here.

Can anyone recommend a good company with mobility, mentorship and paths with growth? I’m stuck in the same salary, level and team for 4 years. I need a change and because I’m so burned out, I don’t even want to apply for the same role/industry. Before I leave it altogether, maybe someone could recommend a better company that is hiring with growth potential.

**Edit - I’m a Principal Technical Program Manager and I’ve been remote since long before COVID. Located East coast NY metro area***

**2nd edit - WOW, what a community. Just a thanks to everyone who weighed in, shared ideas, companies and connections. Its nice to know that I'm not alone here and your support means the world as a busy working mom who is burning the candle at both ends! Really goes to show women stick together - we can rule the world!",advice_request,,yes,,"The poster explicitly asks for company recommendations and seeks actionable guidance on where to apply next, making this a genuine request for the community to help resolve their job search decision."
"how to sus out work culture before joining?
I accepted the first offer I got, the job market being the way it is right now. Just got another offer at a company I interviewed with that seemed more casual, people and boss seemed friendly. Interview was more relaxed, still asking serious questions but more so a natural conversation even talked about life outside of work. I didn't get as much of a feel for the first role. How can I sus out the work culture/team dynamics/if they micromanage, etc. beforehand?

I'm considering taking the second offer, but even then I won't really know. I also don't know the expected hours of each role. They are both more collaborative interfacing with business and tech teams.",advice_request,,yes,,"The poster describes their situation (two job offers with different perceived cultures) and asks for actionable guidance on how to evaluate work culture before committing, seeking methods and recommendations to inform their decision."
"Technical Books By Underrepresented Voices
I am finishing up a book (publishing this fall whoo!) and it includes a further reading section. I have added all of my favorites, but searching for specific topics (like system design) has found zero books by underrepresented voices


What are your favorite tech books by non-men, prioritizing people of color and lgbtq+??


I will also take substantial training materials like Angie Jones's Java Classes (https://testautomationu.applitools.com/java-programming-course/)


We need better seo and ai seo on all of these!",advice_request,,yes,,"The poster has a specific, actionable need—they're curating a reading list for their book and are asking the community for concrete recommendations of technical books and materials by underrepresented authors."
"Going back to work as a Product Manager after >7 months break.. After my 1st interview, I'm at shock
Brutal honesty & opinion needed.

I've been really burnt out as a Product Manager before & diagnosed with MDD (major depressive disorder) with anxiety & suicidal tendencies. After several active ""attempts"" I finally resigned and tried making a change.

I live in a country with a collective society, so outside of my job, I, my sis, & my mother take care of our family (from before I resigned):

My elder dog (needs 2-3 hrs daily care)

Grandparents (one with stroke & one with progressing dementia, late stage)

And my Mom was also diagnosed with pre-cancer, so loads of check-ups and all that. Fortunately, better after being hospitalized for ~2 weeks 2 years ago.

-----------------------

Fast forward 7 months from I last resigned, I was reached out to by a CEO from Aussie. And had my 1st session. It was an AI-native company, he said. And I explored the expectations of what he wants this ""AI-empowered"" PM to be like. And I realized that I'm so far away from his expectations.

After a discussion with my friend (a man) from a unicorn company in my country, he also told me how he utilizes AI in his daily job, spanning from predictive modelling for 4-5x pricing change daily (for an OTA company), competitor benchmarking through scraping competitors' data, daily & weekly report work, and all that. And I was shocked.

Just 6 months ago, it was NOT like this at all... I only used AI chat (utilize its project feature, analyze data from sheets, help create PPT that I finally refined, etc). Now I felt like I've lost A LOT of momentum just by taking a break. Something I desperately needed.

-----------------------

I really don't know how to manage both caretaking + PM, I've tried freelancing, content creation and all that but with AI everything goes 10x harder for a beginner to start (due to low demand & high competition). Content on the other hand will be a long game, at least I started.

I finally realized that the only path to earn income for me right now is to get back to PM. But with PCOS, MDD, and my role as caretaker, I feel so broken. I've always wanted to have a kid but without any job my monthly cycle is already irregular, let alone with a high pressure, fast paced, always on job + caretaking responsibility.

Unfortunately, I feel less of a woman. I'd want to be able to decide whether I want or don't want kids. Not my body forcing me to not have one due to infertility. It just hits different.

-----------------------

I can't stop crying after realizing how shithole all this AI-hype and pressure is. I've just been gone for ~6 months, are you for real?

It feels impossible to have a family nowadays, even tho it has always been my dream.

What would you do if you were me?",advice_request,,yes,,"The poster ends with an explicit, direct question ('What would you do if you were me?') seeking guidance on how to navigate the conflict between returning to PM work, caretaking responsibilities, health challenges, and life goals—a genuine decision problem the community can advise on."
"Anyone who quit your job and took a year break? How did you find getting your job back in tech?
I am a swe and I am taking career break for being a full-time parent for a year with a new born. I am a 35f, with 9 years of full time exp

Is anyone in job search and how are you finding it, especially with tech interviews?",advice_request,,yes,,The poster is asking for actionable guidance on a specific decision they face—how to successfully re-enter tech after a year-long career break—and seeking concrete experiences and advice from others who have navigated this situation.
"My RSUs haven't vested yet and my fiance is already spending them in his head
Four years at my company, good comp and an upcoming vest that my partner somehow knows the exact date of better than I do.

We got engaged eight months ago and things are good but something has been quietly driving me up the wall. Every financial conversation we have and I mean every single one, my unvested equity ends up in it. We'll be looking at apartments and he'll say something like well once your next tranche hits we could afford something bigger and I just sit there like... those shares haven't landed yet. I haven't decided what to do with them. They're not in any account. They don't exist yet. And for what it's worth these are grants I got before we even met.

I said something about it once, kept it chill, just pointed out that counting on unvested equity felt like counting chickens. He laughed and said yeah but they will be and literally kept scrolling Zillow.

That was three months ago. He's done it four times since. I'm not trying to build a wall between us but I also didn't spend four years at this company so we could mentally spend my equity before I've even received it. I want to have one conversation about what's mine and what's ours before we sign anything and I can't figure out why that feels so hard to bring up.

I keep telling myself I'm overthinking it but I've been thinking about it for three months so",advice_request,,yes,,The poster describes a relational problem and explicitly seeks guidance on how to have a difficult conversation—'I can't figure out why that feels so hard to bring up' indicates they want actionable help navigating this conflict.
"I got told my outfit is “sexy” at work as an intern😭 feeling uncomfortable
I think I need advice and also to vent. I’m a fucking 20 year old intern, I’m cordial with my coworkers but not like super close with any of them. I usually wear baggy work clothes. This one coworker of mine… he’s like 35 I thought we had a normal work relationship. I’d say we have the most in common though, and we talk a little bit about music because we’re both in a band. But like we barely talk maybe 10 minutes a day.

Anyways today I walk in with a fitted work shirt (no cleavage or anything showing) and he says good morning and mumbles something to me, I ask him to repeat it twice before I can tell what he’s saying. And wtf??? He said “your outfit looks fucking sexy today”. I literally was so confused I just responded with “oh???” And immediately left to go get a coffee. And now that I’m thinking about it wtf??? Who says that???

Anyways idk what to do. Like I think I should tell my manager idk if it’s that big of a deal, but I don’t want him to know I reported him like I don’t want drama but also I think it’s not ok that he said that? But he’s been acting so normal today otherwise it was so out of the blue. Could I have misheard him???? I’ve convinced myself I misheard him cuz like it was so out of the blue and he hasn’t said anything weird before or after or even acted weird??

Should I tell him to his face to not say that?? Like what do I do what. My manager is a girl too so I think I should just tell her? Like is it actually a big deal or what",advice_request,,yes,,"The poster explicitly seeks actionable guidance on multiple fronts: whether to report the incident, how to handle it directly, and whether this warrants escalation—these are genuine questions about what she should do next."
"Sonographer wanting to move in to health tech
I have 12 years of experience in OBGYN/high risk pregnancy sonography. I’ve only worked in outpatient hospital settings. I love my job but I’ve been really interested in the R&D aspect of ultrasound or using my skills for clinical applications. I’m having a difficult time finding ways to branch out or job searching. Any tips would be great!",advice_request,,yes,,"The poster describes their specific situation and background, then explicitly asks for actionable tips on how to transition and job search in a new field—a genuine question seeking guidance on what they should do next."
"Doing coding knowing that it's not my career that's hurts.
Hey this 19F , currently in the college which is most popular for commerce courses. I am actually in the 2nd year and I have been coding after my 10 boards. there's one thing I was not good at studying and science was never my subject so I choose MEC in 11th basically I performed average to sometimes more than average , but there's one thing after months I would run back to coding and then I would spend week's and months learning new language and trying to make a website because in the starting I only learnt web development language but obviously that's was not my subject so I have to focus on school exam and catch up with the life.


In 12th class I had a relationship for the boy I would make a website because it's the only thing which I can do to show that I care, but after sometime everything was over and I was not able to focus on anything but took admission in the college in the computer field (information systems) . But it hit me hard that the coding which I was doing on and off was never my field but after that I named my coding interest as a hobby and focused on the sem and performed well,but I was never satisfied and in 2and sem I took coding as clubs choose which was easy. Idk why but I actually think that I do understand coding pretty easily. And thinking about all of these is kinda hurting it's a feeling that I really want to do coding but can't because it's never my field and if I try to do coding who will hire a basic coder. I am confused and messed up.


Does anyone have this situation or does anyone have some advice?",advice_request,,yes,,"The poster explicitly asks for advice ('does anyone have some advice?') and seeks guidance on whether to pursue coding despite doubts about their background, credentials, and career viability—a genuine decision question about what they should do."
"Are there any women happy in tech?
I see a lot of people on here seem to not be satisfied with their tech jobs and want to switch careers. As a SWE student it's super discouraging.


Just wanted to ask how many of you like your jobs. Is it even worth it? As a junior I don't have the option nor do I want to switch career paths.


Any recommendations on succeeding in this field? Should I get a masters or a PhD to wait out the AI take over?


Thanks in advance!

Edit: Wow this really blew up!!! Thank you all for your encouraging comments. I feel so much better now and I'll wager I'm not the only one here that needed to hear this. (Student Life)",advice_request,,yes,,"The poster asks multiple actionable questions ('how many of you like your jobs', 'any recommendations on succeeding', 'should I get a masters or PhD') seeking concrete guidance for their career path, not just processing or venting about discouragement."
"My high pitched voice
I was born in SoCA so I naturally have a high pitched uptalk voice that I can't seem to shake. I think it's causing me to fail phone screens due to possible biases. I have no shortage of phone screens but that's where the trail stops cold for me. I never hear back.


How would one overcome this? Lower my voice? Neutral? But won't neutral make me sound not interested? My squeaky voice IS ME when I'm excited about something :,)",advice_request,,yes,,The poster describes a specific problem affecting their career outcomes and directly asks 'How would one overcome this?' seeking actionable strategies to address the voice bias issue.
"How is the job market for a 40-year-old woman just starting in tech?
Hi everyone,

I'm considering a career change into tech and would love to hear some honest experiences and advice.

I'm a 40-year-old woman who would be starting from scratch. I'll be starting a diploma in Computer Programming and Analysis and hope to land my first tech job after graduation. Should I continue, or should I run?

I'm not expecting a six-figure salary right away. I just want a realistic picture of the current job market and whether employers are open to hiring older beginners.

Edit: I also have a Bachelor's degree in Hospitality Management, which I completed 10+ years ago.

I am Canada.

Thanks in advance!",advice_request,,yes,,"The poster explicitly asks whether to continue or run away from a career change, and requests a 'realistic picture' from the community to inform a major life decision—this is a genuine, answerable question about what they should do."
"Feeling drained out almost every day
Is this software job suitable for me?

I feel so drained by the end of almost every day and my mental and physical health has taken a toll.

Though I earn well, I am just not happy with my career. I have 4 years of experience in a top firm so far and I am scared that my entire life I would just be working like this..

I am at my desk from morning till night and seems like the work never gets done.

I am 25 F and I dont know if I should continue working in corporate..I just want a peaceful career where there are no tight deadlines, no stress, fixed timings..

Please help me out",advice_request,,yes,,"The poster explicitly asks 'is this software job suitable for me?' and 'should I continue working in corporate?' seeking actionable guidance on a career decision, not merely venting about their exhaustion."
"Came back from maternity leave to find my projects “redistributed for continuity”
I run an e-commerce brand, but before this I spent years on the tech side, and a story from a friend this week pulled me right back into why I left.
She went on maternity leave from a product role. Came back to find her two best projects had been ""redistributed for continuity"" while she was out. The replacement work she was handed was a tier down in visibility and everyone framed it as a favor. ""We didn't want to overwhelm you with the big stuff while you settle back in.""
Nobody asked her. The decision about what she could handle got made for her, wrapped in concern, and now she is climbing back to where she already was.
I remember the same thing happening to me, and I remember how hard it is to object without being cast as the difficult one who is ""not a team player right after coming back.""
For the women here who returned from leave, how did you claw back the good work without being painted as ungrateful? Did directness work, or did you have to play it slower than that? She is asking me for advice and I want to give her something real.",advice_request,,yes,,"The poster explicitly seeks actionable guidance on behalf of their friend, asking specific tactical questions about how to reclaim projects after maternity leave without being perceived negatively—a genuine 'what should she do?' that the community can answer with strategies."
"Had a “blow up” at work
I work in a team of all men , the department itself has only 3 women . Without going into many details , this space is a boys club . Recently it happened quite a few times that I was not included in meetings . I brought this up with the team , with the manager and the manager agreed that i should have been part of these meetings. A few days later i find out they all had another meeting without me and on top of that a coworker said “one day “ meaning that one day I’ll be included . I got real triggered and said some things that may be controversial that this is non transparent culture , that ive better ideas than most people in the room

How do I recover from this ?

Will this work against my promotion ?

Anyone else have an emotional reaction at work ?",advice_request,,yes,,The poster describes a conflict and explicitly asks for actionable guidance on two specific questions: how to recover from the incident and whether it will harm their promotion prospects.
"After changing teams how long to wait before changing companies?
In a toxic team and I’m thinking of changing companies or teams. I’m thinking change teams first so that at least my mental health is no longer getting bad and wondering how long to wait before I can change companies after changing teams",advice_request,,yes,,"The poster describes their situation (toxic team) and seeks actionable guidance on timing and strategy for career moves (whether to change teams first, how long to wait before changing companies), with an implicit question the community can answer with recommendations."
"Re-entering tech after 2 year break & prepping for motherhood
I worked for a top tech company that was wonderful until 2022 when the crash happened & seemingly overnight the culture became toxic & competitive. 10 years work experience. I stuck with it until 2024, but burned out so hard that I left for two years and started my own small business.

My husband is an MLE for a top tech company and we have lived on his salary, but it’s not enough to buy a house in a good school district in the Bay Area & as we prepare to become parents in the next two years I want to go back to work to bring in more income and re-establish myself prior to motherhood.

Curious what companies you recommend for moms, WLB, possibly remote, but still great culture with competent peers. I was the highest earner prior to my break, but I’m OK taking a pay cut for a better culture fit and not a toxic performance-driven culture.

As an aside, I am feeling major impostor syndrome after two years off even though I had a great career prior and I’m overwhelmed with interview prep (I’m a Product manager). Are there any resources or courses you recommend to get my brain turned back on?

Thank you so much!!",advice_request,,yes,,"The poster explicitly asks for actionable recommendations in two areas: (1) which companies would be good fits for their situation (moms, WLB, remote, good culture), and (2) what resources/courses would help them prepare for interviews after their break—both are genuine questions seeking guidance to inform their re-entry decision."
"Starting as a data analyst in late 40s (advice needed)
I am in my late 40s and am planning to return to a career after taking a break for nearly 7 years, taking care of my kids. I have a Master's in Computer Science and worked at Microsoft for nearly 15 years before that as a Principal Software Engineer and technical leader. I don't want to go back to full-time programming and exploring other tech roles that I could get back to. I am thinking of a data analyst or a program manager.

Is data analyst a viable switch at this stage of my life? I am taking the Google Data Analytics Certificate, and thinking of learning Tableau, SQL Python, R etc., as most of my previous career has been in low-level systems programming in C.

Do you recommend any certificates, tools or programs that can help with this switch? Any AI tutorials that can be beneficial?

I am generally a fast learner but feeling such an imposter syndrome and low confidence when I look at the job requirements even for contract positions. If anyone has advice on reentering the workforce in their 40s, please share any advice.",advice_request,,yes,,"The poster explicitly asks multiple actionable questions: 'Is data analyst a viable switch?', requests recommendations for certificates/tools/programs, and seeks advice on reentering the workforce—all seeking community guidance to resolve their career transition decision."
"Worth getting into web dev?
Hey ladies,


Sorry if this is a dumb or frustrating question. I don't really have anyone to ask, and I'm pretty new to all of this, so here goes:


I have a bachelor's degree in CS. I worked in unrelated fields for years and lost my job about four months ago due to some unfortunate circumstances. Now I'm looking to get back into tech.


I already have a programming background, so I can pick things up faster than a complete beginner. I'm currently considering front-end or full-stack web development and wanted to know if it's still worth pursuing.


I'd really appreciate hearing your thoughts",advice_request,,yes,,"The poster explicitly asks for actionable guidance on whether to pursue web development as a career path given their specific circumstances, seeking the community's thoughts to inform their decision."
"Coaching experience?
I'm almost 2 yrs into my career and been struggling to find something new. I've been applying here and there since I started the job and only heard back from 1 place externally. I'm currently a junior SWE, but do not think it is a good fit for me. The other role was for PM. I'm looking to speak to a career coach to help me find a better suited role and maybe help me with my resume and linkedin. Does anyone have any experience or someone they can recommend?",advice_request,,yes,,The poster describes their career situation and explicitly asks for actionable recommendations—either coaching experience others have had or specific coach referrals—to resolve their job search and career transition problem.
"resources about corporate politics?
hi ladies,
so im very junior and am just starting out in my career. so far in my direct team i havent had any issues and everyone has been supportive, but im quickly realizing that ascending in the corporate world is like 30% your work output and 70% your professional brand and connections. i really hate corporate culture and networking but i do want to make connections and climb the ladder.

does anyone have any resources like blogs, books, etc. that helped with being more comfortable with this stuff? tia",advice_request,,yes,,"The poster describes their own situation and explicitly requests actionable resources (books, blogs) to help them navigate a specific challenge they face—becoming more comfortable with corporate politics and networking."
"For those who found work after a long search, what finally started getting you offers?
I have been looking for a job for 1.5 years now, I've had about 10-15 interviews and I can't seem to make it to the final round on any of them I don't know what I'm doing wrong. Every interview is different as well so I never know what I need to prepare for like oh they asked about systems design? time to study that, next interview comes, no system design questions but asked a bunch of trivia about X technology.

At first I thought my communication/interview style was the problem so I tried to fix that and noticed an improvement and the interviewer being more engaged and even now when the interview is over I even have them tell me I did well or they just seem more positive than before, but I still come off extremely nervous. How do I present myself as the ""safe"" pick?

Is anyone else in this same position?
For those that have found a job after a long search what sort of things have you done that seem to net a positive return while searching?

(for reference I am located in California and am targeting early-mid level roles)",advice_request,,yes,,"The poster explicitly asks for actionable guidance—'what finally started getting you offers?' and 'what sort of things have you done that seem to net a positive return?'—seeking concrete strategies to improve their job search and interview performance, not just validation or venting."
"Should I go back to school?
Hello
Laid off , pregnant with number 2.

Almost a decade in tech, some in account management (support) half of it as a product manager (not FAANG but big name in the payroll/HR Saas provider world that laid me off as part of mass cut 2 months ago).

It looks like my contacts are bombarded with allll the laid off coworkers requesting referrals.

Sent in many applications, curated resume, actually applied back to same company (lol) since I was a top performer and made it to final interviews before they picked someone with more specific experience with a tool.

Now, I really don’t want to go throwing this again. I can’t find a job and I’m frustrated that I have to prove my worth ? That I’m employable ?

I’m 4+ months pregnant … what should I do?

-Strengths are analysis , payroll, tax, product management ie analysis, collab and strategy, used sql in previous support role

-Should I get any new certifications?

I feel like if I don’t find something now I’m gonna end up taking 6 months with the baby and that will turn my gap into a one year gap atleast

Please share any advice , LinkedIn full of scam messages or companies with toxic Glassdoor reviews that probably won’t give me maternity leave…I’m losing hope that I’ll ever find a “good” job !

:(",advice_request,,yes,,"The poster explicitly asks multiple actionable questions ('Should I go back to school?', 'Should I get any new certifications?', 'what should I do?') and requests advice on career decisions during a specific, time-sensitive situation (pregnancy, job search, avoiding gaps)."
"breaking into femtech/medical wearables?
hi friends! is there anyone who works in femtech/sextech/medical wearables who would be willing to provide advice on how to break in? i have a master’s in reproductive science and a master’s in bioethics. i definitely want to go back to school, but unsure if i should do a master’s in biomedical engineering or a master’s in biotech.

i’ve applied to some internships in this area but it just seems like i don’t have a strong enough background. i’ve started some projects with techies for reproductive justice, though! i also currently work in fintech as an analyst.

i am very very early in my career (24), so any advice and networking is appreciated! please be kind, thank you:)",advice_request,,yes,,"The poster explicitly asks for actionable guidance on which master's degree to pursue and how to break into their target industry, seeking advice from experienced professionals in the field."
"Boss told me I’m a high performer and have everything he wants in an employee yet he is shielding me away
Hi all,

I joined this organization 6 months ago from a different industry. There are two established team members and one of them is very well versed about our industry (they’ve been in the organization for more than 2 years). A month after me, a new team member joined as well who is very bold and likes to insert themselves in conversations, they literally stare at people’s screens and people joke about it too.

Since I’ve joined I’ve led process improvements across departments that went to the ceo, onboarded senior directors on a deck I made and presented to the , automated a process. I’ve gotten praise from senior stakeholders as well as others in different departments that it’s very clear and easy, and that they thought it would be more complex.

That being said, I’ve noticed that there is an informal team dynamic where they all get to work on presentations that go to C level executives while I’m shielded away. I’ve been told by others that I’m well spoken, present well, simplify complex concepts etc as well as being personable, friendly, and charismatic (according to my coworkers).

That being said, recently my boss told me that I have everything he wants in an employee: leadership, ownership, dedication, strong work ethic, capability, critical thinking as well as punctuality but I need to have more domain knowledge about our industry.

I agreed but I also pointed out that the lack of domain knowledge is because I’m often not included in these early stage discussions, meetings, and I find out about work later during the execution phase rather than early on. He had nothing to say.

When I explained to him, how to get more of that knowledge? He said just read more which to me makes no sense because I could read the documents (already done that), but it’s different than reality and what is being said in meetings.

Also the new team member doesn't have domain knowledge either (my boss himself brought it up) as an example of both of us not having domain knowledge yet she gets to present, and I don’t.

Lately, my scope has been increasing and my boss asked me to create our entire department deck that would go to the COO, he also asked me to onboard our team members on the process I’ve been onboarding other departments on.

Should I even bother with this job or is there a dead end when it comes to my future in the organization? Am I just being sidelined?",advice_request,,yes,,"The poster describes a specific workplace situation and explicitly asks actionable questions ('Should I even bother with this job...' and 'Am I just being sidelined?') seeking guidance on whether to stay, leave, or how to interpret their career trajectory."
"My doctor wants me to take time off and I’m scared
Basically, my partner has a heart condition he’s been struggling with for 4 years. Can’t work. He needs medication that costs $10,000/month. He needs that medication to work, but needs to work to get the money for medication. I can’t afford it. I’ve been covering the bills all this time too. He’s been fighting with Pharmacare for coverage.

He tried to go back to work without meds cos his sick benefits ran out and made it one day and ended up in the hospital and had to get heart surgery. He’ll be recovering with no sick benefits and I have no idea how to pay the bills, especially with food and gas prices being what they are.

On top of this, I am on the bench and there is no work coming in.

Basically, I hit a wall. I was rushed to the hospital for chest pains and dizziness. I can’t function. Trying to go to work now induces a panic attack.

I got into an emergency councillor through my EAP and both she and my doctor agree I need time off, stress leave, while they work as a team to get me better. I’m scared that I will get fired. Has anyone had to do this before? Did it hurt you in the company?",advice_request,,yes,,"The poster explicitly asks a concrete question—'Has anyone had to do this before? Did it hurt you in the company?'—seeking guidance on whether taking stress leave will harm their career, which is actionable information that could inform their decision."
"Resources for Underrepresented Groups
Hi all! I’m a career counselor at a university who mainly works with underrepresented groups (i.e., women, people of color, LGBTQ+, people with disabilities, etc.). We have a new initiative focusing on the tech industry. Are there any resources out there for a tech newbie like me to understand the field and the hiring practices? I’m also looking for resources to support these underrepresented students, such as personal advice, organizations dedicated to these groups in tech, or any other helpful resources.",advice_request,,yes,,"The poster describes their own situation as a new career counselor and asks for actionable resources and guidance they need to support their students, which is a genuine answerable question about what they should use or do."
"Approaching maternity leave and thinking/worrying about return to work. What boundaries should I establish with my manager/team?
Work in mid tech. High performer working with management team. I have consistently overdelivered, been always available, taken on work that no one wanted over the last 6 years here but now that I am approaching this life transition, I am nervous I wont be able to do this and rather I dont want to do this because I want to be a present mother and enjoy the first months and year of my baby.

I worry that this is going to be a sudden shift which will be hard for my manager most of all and my team to adjust to. I am afraid that doing the normal amount of work will come across as slacking off or underperformed and make my transition very rough.

How can I use the next few months before I go on maternity leave to adjust boundaries and expectations so that my return is smoother? Would really appreciate any experiences here.",advice_request,,yes,,"The poster describes a specific situation and asks directly 'How can I use the next few months before I go on maternity leave to adjust boundaries and expectations' — a genuine, actionable question about what concrete steps to take before returning from maternity leave."
"Good Companies for women in marketing
Feeling burned out at my chosen career path

Im from a engineering background

But i dont like technology (coding)

So i chose marketing

In that i was a content marketing analyst

Next month marks my one year

Im in L1 obviously

I dont know what should i do for my career growth in remote

Here in my current fast growing startup, i have a high independence but the tasks are limited to seo only like blogs, research report sometime reddit marketing, sometimes organic socials marketing

Though im not from a marketing background, how should i leverage my career

Current salary: Rs. 50K in hand/ month

Location: India",advice_request,,yes,,"The poster describes their current situation and explicitly asks for actionable guidance on career growth and how to leverage their background, seeking recommendations for next steps in their marketing career."
"Getting new Tech job at 50
I have been working for a software company for over 10 years and am being pushed out. I have worked as admin assistant in account in tech support and finally qa. I have watched colleagues go along and then make double what I make but I have just sort of just kept on going. I feel discouraged cause i seem to be ignored when applying for jobs is there hope in getting a new job. I really don't care if ita in tech at this point it just seems like there is nothing oit there and applications go into a blackhole. I am losing hope and wonder if I will be able to survive. I got a degree in cybersecurity i have certifications from comptia but it seems there is nothing out there and when applyibg for other jobs i suspect that they see me as overqualified.",advice_request,,yes,,"The poster describes their job search situation and explicitly asks 'is there hope in getting a new job?'—seeking actionable guidance on how to navigate age discrimination, overqualification concerns, and career transition at 50."
"Tips to rejoin tech after 2 years of burnout?
I was a senior eng manager with a terrible boss who fired me one month after I got a raise, after I told her about my severe gynecological health issue that needed surgery. She sucked. It’s okay, I don’t need condolences.

I haven’t worked since. I don’t have kids. I just needed a lot of time to recover from the health issue and burnout. I want to join other industries, but nothing pays as well, especially in my location (Hawaii)

I was good at my job and I did enjoy it when things were going well.

Tips on how to get hired after 2 years of no tech jobs? I do have technical things to put on my resume to fill in the gap so I’m not worried about that, but tech has changed so much since I was last in it, not sure where to even begin. I know I don’t want to be an IC again. I’m better as an Eng/technical/product manager.

Thanks in advance.",advice_request,,yes,,"The poster explicitly asks for actionable tips on how to rejoin tech after a gap, seeking guidance on a specific career decision they face."
"Can I use a CompSci degree in the pharma industry?
Long story short I am doing a computer sciences masters but I’m realizing the tech industry isn’t for me. Can I use the degree in another industry?",advice_request,,yes,,"The poster describes their situation (CS masters, reconsidering tech) and asks a direct, answerable question about whether their degree is transferable and applicable to another industry."
"I got offered a different role, but without any additional compensation or a promotion
Hi everyone,

please be kind! :)

As the title says, I got offered a different role, but without any additional compensation or a promotion.

I work in tech sales in Germany in a very big IT company (global scale). I am very happy with my job, my manager is chill and I am fully remote currently.

My current compensation is about 90k€ and I have 3 years of full-time work experience (before that I did a masters for 2 years in the same company).

I am at my current level for exactly two years now, no compensation increase since then. This didn’t matter much to me, since it’s a sales role and my incentives brought my salary up to about 110k€.

I asked my manager for a promotion for a while now and I had a few manager changes (organizational changes) in the past so I had to convince every new manager again that I am capable.

They offered me a role in the enterprise segment, which might yield higher sales and therefore a higher incentive. However, no promotion or salary increase. The new role will be created due to the high workload of the team.

So in conclusion I got offered more work for the same compensation as I currently have. I feel like I cannot really decline since this would be the only way up. They didn’t say that but it was quite clear. Also the new manager would only agree to a promotion in the next cycle which would be in a year.

The new role would also include more travel, more time in the office and a new manager whom I don’t know but has the reputation of being strict. And of course the higher workload.

What can I do? This is not normal, right? It sounds like a bad deal for me. I want to say no, but I fear that I won’t be promoted then at all. Any advice is welcome.",advice_request,,yes,,The poster explicitly asks 'What can I do?' and seeks advice on whether to accept a role offer with unfavorable terms—they want actionable guidance on how to navigate this career decision and negotiate better conditions.
"Six months into a new industry, my manager says I’m a strong performer but lack domain knowledge
Hi all,

I joined this new company 6 months ago from a different industry. There are two established team members, myself, and another newer team member.

Since I’ve joined, I’ve improved processes across departments, introduced automation, governance etc and onboarded different departments senior stakeholders to move to a structured way when it comes to conducting our business.

Stakeholders praised the onboarding and said that they thought it would be much more complex but that it’s actually more simple than they thought and thanked me for my efforts.

I noticed that there is an informal group going on where the established guys are friends with my boss and the new team member likes to insert themselves in everything ""they literally stare at people's screen” and ask folks what they are doing even if people can be bothered by it.

Anywho, that approach seems to work for them as they are involved earlier in work and get to present to my boss’s boss and his boss and I don’t. My boss even hinted that he’d like me to get there once he feels like I’m ready for C level presentations.

I’m someone who is proactive and very thorough and when I present something, I like to know it in an out and I brought up an example where I onboarded senior directors to my boss and he said: was I in any of those meetings? I said no, he said exactly. That’s because I trust you to run them on your own.

He also said that I have leadership, ownership, dedication, work ethic, critical thinking and basically everything he wants and said that the only missing piece is domain knowledge about our particular industry.

He also mentioned that I should know everything about all our work streams which I said that I already do that and that one thing I noticed is that I don’t even know about these initiative/ projects till later which directly affects that knowledge gap and he had nothing to say about that.

At one point he described my gap as “one missing thread,” which he explained as needing more knowledge and domain depth, and said I should combine my thinking skills with stronger industry understanding.

He also framed it as something like being at 90% and needing to get to 95%, and mentioned that he himself struggled early during this company too.

I also asked what’s the promotion criteria and he said that corporate doesn’t have that and told me what his criteria is ""someone who can independently present and answer questions without him being there"". He said that what they care about is department image, competence and leadership.",advice_request,,yes,,The poster describes their situation and implicitly seeks guidance on how to close the domain knowledge gap and meet promotion criteria—they're asking for help understanding what concrete actions will move them forward in their career trajectory.
"Help finding a job postpartum
Hi everyone!! I was laid off from my job at 7 months pregnant and have been job hunting ever since. Landing interviews was hard enough but working out the timeline before birth was impossible.. I just gave birth a week ago and I am back on the search. I’ve totally exhausted my connections at this point and I’m hoping to make some new ones here. I am a full stack software engineer with 5YOE. Tips on who’s hiring, internal recs, anything. I can dm you my resume. Can anyone help?",advice_request,,yes,,"The poster describes their specific situation and is explicitly asking for actionable help—job leads, internal referrals, or networking connections—that would directly resolve their employment search."
"Tech roles outside of the tech industry
Hey yall, I'm curious to hear from folks who have worked at big tech companies as well as in tech roles for a company in another industry (education, medicine, marketing, etc).

My entire tech career has been at tech companies. No complaints when it comes to pay and benefits, but i don't love how demanding and competitive it is. It seems like there's a constant need to prove myself and perform my work all the time, probably because everyone on my team is trying to climb to a higher level.

More power to them but I'm pretty satisfied with my salary and raises and promotions are less attractive to me than work life balance at this stage. I just want my job to just be a job, not some kind of calling i have to bust my ass for and put in extra hours etc.

I've been thinking of pivoting to a sysadmin role at a company that does not specialize in tech. My hope is that it would be less pressure and politics -- like, we'd be doing our own thing to keep stuff running without the rest of the company breathing down our throats (because to them we'd just be a utility so that they could do their own thing).

What has your experience been like? Is the grass greener? Is it worse?",advice_request,,yes,,The poster describes their situation and explicitly asks for community input ('What has your experience been like? Is the grass greener? Is it worse?') to help inform a career decision about pivoting to a tech role outside the tech industry.
"Advice for technical presentation round
Hola!

I’m looking for some insight/advice from you brilliant women on technical presentation for an interview. They have not specified anything, just said topic of choice, talk for 20 mins, questions later. Panel type virtual setup. I’m kind of brainstorming on what topic to pick. Would love to know some of your thoughts if you were in my situation and/ or are on the hiring side. Thaanks so much, have a nice day:)",advice_request,,yes,,"The poster explicitly asks for insight and advice on what topic to choose for their technical presentation interview, seeking actionable recommendations from the community."
"Navigating work politics
I’m dealing with a colleague who has been venting about me to my manager, skip-level manager, and peers. Multiple people have told me what she’s been saying, and while they’ve mostly stayed neutral, the fact that these conversations are happening at all is stressing me out.

What frustrates me most is that her complaints are often incomplete or misleading. She presents a partial version of events that makes her look good and me look difficult to work with. When people bring these stories back to me, I often end up showing emails, messages, or documentation that provide the missing context. I’m getting tired of constantly defending myself against narratives that aren’t accurate.

To make things worse, she’s very good at managing up. I’m much more focused on execution and results than visibility and relationship management. For example, during a conversation with my skip’s manager, he told me he thought I’d done a great job on a recent project and that this colleague had been a strong partner. The reality is that she contributed very little and I ended up doing most of the work myself. In the moment, I didn’t know how to correct him without sounding petty, so I just let it go.

Part of me worries that this is coming from insecurity on her side and that she’s trying to shift her responsibilities onto me. But regardless of the motivation, I’m concerned about the long-term impact on my reputation. Even if people don’t fully believe what she says, repeated complaints can still create a perception that I’m difficult to work with.

I’m also worried about performance reviews and ratings because I don’t have much confidence that my manager will advocate strongly for me. Moving teams isn’t really an option right now because I’m pregnant and will be delivering in 4 months.

Has anyone dealt with a situation like this? How do you handle someone who is politically savvy, manages up well, and keeps spreading a version of events that isn’t accurate, without getting dragged into constant self-defense mode?",advice_request,,yes,,"The poster describes a workplace conflict and explicitly asks 'Has anyone dealt with a situation like this? How do you handle someone who is politically savvy...' seeking actionable strategies to manage the situation without constant self-defense, which is a genuine, answerable question about what they should do."
"Need Advice: How to Move Industries
Hello, I am a mechanical engineer with a PhD in controls. I currently work in the energy industry and have been trying to switch jobs. However, I have been rejected from every role in the robotics/AV industry. Even when the interviews go well, I have been told that without industry specific experience, I a not hire-able. I have also been thinking about pivoting to product/program management, and that has also need been successful. I have been applying for almost a year now, and at a loss for how to proceed.

I am located in the Bay Area, fyi.",advice_request,,yes,,"The poster describes a specific career problem (struggling to transition industries) and explicitly requests guidance on how to proceed ('at a loss for how to proceed'), seeking actionable recommendations for their next steps."
"Getting remote exception after maternity leave?
Has anyone had luck getting a remote exception after coming back to work from maternity leave? If so, how did you go about it?",advice_request,,yes,,"The poster is asking for actionable guidance on how to successfully request a remote work exception after maternity leave, and seeks concrete strategies others have used."
"First big girl tech job: dealing with possible work bully (advice needed)
Hi everyone,

Happy to join for my first post.
I’m hesitant because I’m constantly self doubting myself when there’s malice in the work place. Please let me know if I’m overthinking, and what you’d do here.

I’m the only female on my team for a pretty small company. Only one male targeted me in the beginning- he said “the managers said you were smart, you’ve gotta act like it.”
(This was another member training me and said this upon me accidentally typing an extra letter on a command). He then would ask me questions about my appearance (fully remote). So anyway, he got fired pretty soon after when I told HR.

This time, a year later, we have a new guy on our team. Been here about 2 ish months. He’s in his 50s, so definitely old school and says some pretty weird shit. Ex: I was trying to access a system and couldn’t get in, and he said “it’s probably because it’s nervous around a pretty lady trying to get into it!” I awkwardly laughed that off. He designated me as his work bestie, I believe. He would call me several times throughout our work days but mostly talk shit on two people on the engineering team that he hated. I kept it HR friendly and just kept suggesting he go to our team lead or HR if he was so upset, and that I was sorry he was not getting along with others. As long as this guy feels validated and you’re not a threat, he is sickeningly nice to you.

He also talks over everyone, but me especially, in meetings and trainings. It’s terribly hard to learn anymore in trainings with the team because he wants to show off- but he acts shy about it and so no one wants to tell him to stop. Anyway, I guess I “fucked up”. Two weeks ago on a day off, our manager said something in our group chat. I needed clarification that couldn’t wait, so I asked a follow up question. Immediately, this new guy messages me privately and is like “You’re supposed to be resting! Why are you online?” I’m immediately annoyed but respond “To receive clarification something, nothing to worry on!”

Immediately he responds, “please get online and update your tickets”. I had no tickets to update and he knew it, because of how our system labels our names on claimed tickets. I told him “Oh! I think there’s a misunderstanding here. I’m off today.” His response? “Oh I know.” Wtf? I told my team lead, because he was asking why I was online on my day off. He told me he’d talk to this guy because he was in no way supposed to do this. Now, this new guy won’t talk to me and tries to micromanage me in the group chat.

I really like this job, I’ve been here for a little over a year and I’d be devastated to lose it. However, this is making my job difficult. Besides ignoring this new team member, I am curious to what else I need to do to protect myself here? When it would be appropriate to escalate to HR? This guy seems “off” and I don’t want to put up with this, but I also do not want to face retaliation.",advice_request,,yes,,"The poster describes a specific workplace conflict and explicitly asks for actionable guidance: what she should do to protect herself, when to escalate to HR, and how to handle the situation without facing retaliation—genuine questions seeking community recommendations."
"How do you network and build deeper bonds
Y’all I have a problem.

Networking online feels so superficial and the unwanted messages from men sometimes on LinkedIn just KILLS me bro like, takes me a few days to recover.

I want to befriend women in tech and there’s so much that I want to learn from them, but I just don’t know how to form deeper bonds with people outside my age group and it hasn’t always been like this for me. I genuinely do not know how to recover.

I’d love to hear your tips, because is this just adulting or am I missing something, maybe practice, with meet new people? I’m not sure..",advice_request,,yes,,"The poster explicitly asks 'How do you network and build deeper bonds?' and 'I'd love to hear your tips,' seeking actionable guidance on forming meaningful professional connections despite the challenges they describe."
"Management vs IC
I’m a senior dev with 9 YOE. I was chatting with my manager about getting to Staff developer level. I started working towards it but the bar is really high. I’m ok with working towards that for the next 2-3 years but my manager asked whether I’m interested in pursing the management path instead. He said I’m displaying good leadership and people skills, so he’s curious why I didn’t choose that path. I said I like problem solving more and he’s convinced that management has the same level of problem solving as the ICs, just a different set of problems. Does anyone here have experience with both IC and management? Which track has more career opportunities in terms of career progression, job security, and salary scale? Which one has less stress more reward in your opinion?",advice_request,,yes,,"The poster is facing a career decision between two paths and asks the community for comparative experiences and guidance on which track offers better opportunities, security, and quality of life."
"Advice: how to connect with seniors at my company? Maybe also find a mentor
Hi, I’ve been a swe for like a year now, but I always have a hard time connecting to people above me in the company. I’ve heard suggestions like try doing small talk but I’m not sure how to start when I don’t even know that person. Also my team is male dominant and lot of the times even after trying I feel left out, i don’t know how to find a solution for it?

Also how does mentorship work? How do I ask a person to be my mentor? Does it happen naturally? Do they have to be in the same workspace as you?

Any suggestions or advice would be helpful. Thanks!!!",advice_request,,yes,,"The poster describes their situation and asks multiple concrete, answerable questions about how to connect with seniors, navigate a male-dominated team, and initiate mentorship—all seeking actionable guidance to change their current state."
"Need guidance want to come back in market after career break
I (33f) currently live in Germany on a dependent visa. I have worked in India in a MNC for 8 yrs as a network support Engineer but I had to work in shifts. I took a break because of health issues and to change my career path. Now I have moved to Germany along with my husband and am struggling to find a job in a new market. I need guidance on how to change paths. Or maybe a career counselor to choose what can be my better options here. Please suggest if anyone is struggling in the same situation",advice_request,,yes,,The poster explicitly requests actionable guidance on career change strategy and seeks suggestions on resources (career counselor) to help them navigate re-entry into the job market in Germany.
"pivoting into tech and out of tech or the “kinds” of tech - experiences?
I (34f) left a fed govt foreign policy job (that no longer exists) to pivot into being an Enterprise Customer Success Manager and now a few years later, I am really, really struggling.

Work completely shifts my energy and I go to sleep with anxiety and anger in my chest and my back tightens up. I resent being recruited into tech and making it seem like I’d make a lot of money; I don’t make enough money (135k base with almost no chance of the comp because of comp plan changes that screw CS) and feel behind in my life.

But I think (??) an issue is that I do not care about marketing tech.* I do not use my brain in this job. I don’t mean this in an ego way - I’m really smart and my foreign policy masters degree is useless in this space. Do I go to law school? I want to help the world. Or use my fucking brain. For those of who you may be more mission-oriented, how have you navigated choosing the “type” of tech you work in? Have you left, stayed, accepted?

* Do you know what it’s like to wake up and get emails about “my Facebook post didn’t go through!” And everyone is upset and I have to waste my day “escalating” because it didn’t post?? It’s fucking stupid. Or a customer is happy that we are automating responding to reviews on Google but they’re unhappy because of the turnaround that’s from the Google side of the API? I have no purpose. I hate how I spend my time with work. Yes, I understand we help businesses and the folks who have these jobs but the minutia disgusts me. I’m sorry if that offends anyone. It’s just not for me.",advice_request,,yes,,"The poster describes their situation and asks a concrete, answerable question: 'For those of you who may be more mission-oriented, how have you navigated choosing the ""type"" of tech you work in? Have you left, stayed, accepted?' — seeking guidance on whether to pivot careers, stay, or find a different type of tech role."
"Tips for 1:1s with skip level and TL
I am meeting my skip today(who's visiting our office). I am new in the company and want him to remember me. Same for my TL who's also visiting. They don't seem like sexist people and are genuinely tech experts. I want to seem like a senior engineer. Any tips are welcome.

P.s I am intentionally leaving out my job details .. I don't want to limit myself to job related questions and color ur thoughts. I Wana seem disruptive and thinking big. But if u have specific advice, I ll give out more details as required.

Thank u !",advice_request,,yes,,"The poster explicitly requests actionable tips for how to conduct themselves in upcoming 1:1 meetings to make a positive impression, with a genuine question about what they should do to achieve a specific goal."
"Working at Verkada
I recently got an offer for senior SWE at verkada. I'm on the fence because the total comp is meh but the work there seems interesting and I think it might be a good opportunity to grow my skills.


Has anyone worked there before? How was the work culture?",advice_request,,yes,,"The poster describes their situation (job offer decision) and is seeking community input ('Has anyone worked there before?') to help them decide whether to accept, which is a genuine actionable question about what they should do."
"Need Guidance on my situation. Perhaps a career coach…
I don’t think I can continue navigating this career on my own without support.

I’ve only ever worked at one company my entire career (almost 10 years). I’ve never really had a mentor, a code reviewer, or really a manager to report to after year 1. Suddenly everyone left and I was on my own hiring people more junior than me.

In my early years when I had assigned tasks, I would work 12 hour days by choice just to get everything I’m assigned done. It felt good to deliver quickly. This was noticed and well received and I earned a great deal of trust. I had one incredible mentor for 2 months who I consider to be an absolute god at frontend engineering. But we no longer work together and I feel my motivation and learning has since halted.

Fast forward to now, I’ve been more or less “self managing” for 8 years. I have been promoted multiple times (to titles and salaries I don’t even feel deserving of). Have worked on 4 different products, 3 of which I had to start from scratch. Have “managed” 3+ other frontend engineers at times. Still only know how to build the frontend. Devops, backend, etc…. all a black box.

I know some thrive with the type of autonomy I’ve been granted and use their time wisely to explore new tech and advance their skills without red tape. Unfortunately that has not been me, and I feel like I am no better of an engineer than I was in year 2. Ive had to wear so many hats as Im the most senior frontend engineer on all my teams and we lack experienced PMs and designers, but all I want is to be a heads down IC who is told what to do.

Throughout my education I was motivated by grades and competition. Nothing brought me more satisfaction then maintaining my high GPA. I loved the rigid curriculum and clear metrics for success. I was the type of student who would read each chapter from start to finish when prepping for an exam, and do dozens of practice questions until I felt I mastered the topic.

That all being said, I feel beyond stuck, anxious, and hopeless right now. The thought of interviewing makes me sick to my stomach. I haven’t updated my resume in 10 years, and couldn’t even answer the most basic of interview questions.

Imposter syndrome has never hit so hard. Perhaps it’s not really even a syndrome and I truly am one. Everything I read online or consult chat GPT says I just need to start interview prep so I don’t feel so stuck. But there is just TOO much to re-learn and it’s impossible to approach it the way I would approach my exams in academia.

Seeking guidance and honesty. Am I even marketable anymore ? If I ride it out at my current job a couple years more will that be detrimental to my career?",advice_request,,yes,,"The poster explicitly describes their situation and seeks actionable guidance on concrete decisions: whether they are marketable, whether staying at their current job would harm their career, and how to approach their professional development—these are answerable questions that require recommendations, not just emotional processing."
"i’m 22 years old and just will be wrapping up work at a startup as a full time intern. i want to be able to work in companies like adobe, google, amazon, microsoft or companies that pay well (fortune 500, maang) etc. i find it impossible to get my resume shortlisted. is there rules to follow from the industry? also do i have to cold email and get connections from linkedin? i’m not particularly good at coding, i did my masters in AI. i have 10 months of experience. how to get better at interviewing? any tips would help :) thank you!",advice_request,,yes,,"The poster describes their situation and asks multiple concrete, answerable questions about resume strategies, networking approaches, coding improvement, and interview preparation—seeking actionable guidance to advance their career goal."
"After layoff ,do you ask for hike/increment when recruiter calls you ?
I was laid off from big tech months ago ,it was purely business decision ,i am seaching and I got 2 calls ,I feel awkward to ask for hike and i feel low about myself ,I dont know why.I feel like I am in bad position ,because unlike regular job search where I have to job and time to leverage .

Usually recruiter ask me for past compensation and ask me my expecation

I also feel if i ask for hike they will ghost me ,considering like i got paid above average. In the recent call,I became blank when they asked me and i blabberd like 10% or whatever market pays

Lay off affected me badly ,i am looking more for decent wlb and stability (i know nothing is stable).Is it women thing not to ask for hike/benefits,because my male co workers,friends and family dont hestitate,I feel I am in the one in imposter syndrome",advice_request,,yes,,"The poster describes their situation (post-layoff salary negotiation anxiety) and seeks actionable guidance on whether/how to ask for a raise when recruiters call, with an implicit request for reassurance and a strategy to resolve their negotiation hesitation."
"What is normal/ramp up time?
I moved from being a product owner to a technical program manager, in a completely different domain. I was essentially given some confluence pages, Claude and told go figure it out. Everyone is always in meetings, and it's hard to get support. They were aware I didn't have directly comparable experience.

I moved from a small niche product with a supportive team to big tech and I'm curious is this normal? The understaffing and the expectation is I use my own personal evenings and weekends to learn and attend meetings and start jira/delivery already (2 weeks in). I've already worked 3 14 hour days because of meetings and time zones. I'm questioning if this is just an industry thing I was oblivious to or if I should be taking all of this as red flags to plan an exit.",advice_request,,yes,,The poster describes their situation and is asking for guidance on whether this is normal industry practice or a red flag warranting an exit—a genuine decision question the community can answer with actionable perspective.
"Software Developer Comeback?
Recently, my fiancé was laid off from a senior full-stack software engineering role after 20 years of experience. The official explanation was “restructuring,” but we can’t shake the feeling that part of it may have been tied to the current push for engineers to heavily use AI tools (Claude) and generate more output faster.

He’s skeptical that this strategy will hold up long-term. His view is that once companies fully absorb the costs of tokens, infrastructure, review burden, and low-quality AI-generated code, many of them may realize they still need experienced developers who understand systems, architecture, maintainability, and product tradeoffs.

Is that realistic? Are companies likely to swing back toward valuing software engineers after the AI hype settles, or is the market genuinely changing in a way that means even experienced developers are done?

Just wanted to get your opinions on this!",advice_request,,yes,,"The poster asks specific, answerable questions about market trends and career prospects ('Is that realistic?' 'Are companies likely to swing back?') seeking reassurance and insight to inform their fiancé's comeback strategy."
"Company I applied to reached out 4 months later... Red flag?
I was referred to this company by a friend. My first red flag was communication was occurring through my friend and not HR. I did not hear from HR at all until I received an email this morning asking for an initial interview.

I first applied for this position in March. They sent me a self recorded interview. Awkwardly, I did it. I heard back 2 months later from my friend, not HR, that they did not move forward with me because I was ""asking for too much money"". Someone else filled the role.

At that time, my friend lets me know there's another position opening for the same role on the same team. Cautiously, I apply. Again, 2 months later I don't hear back. Until today, they are suddenly asking for an interview.

TBH I'm kinda over this position. I have been pretty tired of the tech space and dealing with awful burnout. I am even considering changing career paths completely. This role would be a demotion to analyst, potential pay cut by 10-20k, only perk is it is fully remote since my company is RTO.

Should I entertain this or ghost them too? I was looking for other roles casually and have had tough luck hearing back without referrals… :-/",advice_request,,yes,,"The poster explicitly asks 'Should I entertain this or ghost them too?' and is seeking guidance on whether to pursue this specific job opportunity given their circumstances, burnout, and career considerations."
"Is a lower stress, flexible job in ML/DS/AI a pipe dream for a chronically ill person?
I’m 35 and I’ve been in ML engineering & data science for my entire career but I'm ready to downshift for the sake of my health.

I'd like to find a lower paying, lower responsibility job 1-2 levels down with decently nice people, good health insurance, flexible time off and a remote or hybrid setup in SF/East Bay. I'm feeling pretty pessimistic about being able to find it in the current tech climate though. I've also considered a tech job in a non-tech company but it seems like the slower, more traditional industries usually have accrued PTO and I'm afraid to burn through it all on sick days & doctors appointments. I'm realizing that tech is often a package deal of high stress, high risk, high pay, high agency and high flexibility and I don't know if it's possible to drop the high pay, high stress & high risk and keep the agency & flexibility.

I was an ML team lead for several years at a large non-FAANG tech company and then decided to switch back to a staff IC role a couple years ago in hopes over lowering my stress level. I was affected by a mass layoff last summer and took time off before joining a new company as a principal MLE. Due to more layoffs and people leaving, I was basically volun-told to manage an ML team again and I'm stressed and miserable again. The company is toxic as hell. The constant pressure, the unreasonable deadlines, the anxiety about always being behind, the fear of layoffs, the false urgency over shit that doesn't matter, the LLM token usage monitoring...it's just too much. Every time my stress worsens, my health problems flare up and eventually I burn out.

It sucks because I actually enjoy building ML models and solving hard technical problems and building systems and all that jazz but not in this environment. I wish I could just work a 9-5 job doing something more meaningful and net positive for society where I can come in and do my job and close my laptop at the end of the day and not panic about work in my spare time. Even a 'boring' job would be great. I know part of this is a mindset thing but I think tech objectively sucks right now...I don't know a single person that's happy unless they are trying to maximize compensation and climb the corporate ladder.

Has anyone successfully transitioned into a job like this?",advice_request,,yes,,"The poster describes their situation and asks a concrete, answerable question ('Has anyone successfully transitioned into a job like this?') seeking guidance on whether such a role exists and how to find it."
"From pharma to tech sales
Hi all, I’m looking to make a career change from pharmaceutical sales to tech sales. I’ve been in pharma for 4 years and have had success in my role but am looking for something different and more flexibility in my career. I currently make about 300k in pharma, I’m about capped at the amount that I make. I really want to be flexible with where I work and work remote, which pharma can’t offer me.

Any advice on the transition? Has anyone else successfully make the jump and been happy with their experience? I’d also love any advice on healthcare / tech companies to apply for. Thank you in advance ladies!",advice_request,,yes,,"The poster explicitly asks for actionable guidance on transitioning careers, specific company recommendations, and seeks advice on how to make the jump—all questions the community can directly answer with recommendations."
"Has anyone else quit the video games industry? If so, what do you do now?
I have been the CEO of a marketing agency in the video games space for over a year but sadly, after a horrific experience with a male client, I am quitting and selling my company. But what do you do now? What on earth did you do with your niche experience? Honestly I just want to pivot but I don't know what yet and I know being in video game marketing is a particular set of skills, so any advice here is appreciated. Thanks so much.",advice_request,,yes,,"The poster describes a specific situation (quitting their CEO role) and explicitly requests actionable guidance on how to pivot their niche skillset, making this a genuine question about what they should do next."
"Moving away from NYC
If I get laid off, my dream is to leave NYC and move closer to family in NH. I’m 40, kids and so over in office work & big city expenses.

How big of a career suicide move is this? I would freelance & consult - or if that’s too unstable I’d get a remote role. Life would be cheaper there & we also have a good amount saved.

I’d be a 55 mile commute from Boston. Not ideal but doable if i really ran out of job options.

I’m scared to move away from a major jobs hub but also really ready for this next chapter & being closer to grandparents & cousins.",advice_request,,yes,,"The poster describes their situation and asks a specific, actionable question about whether this move constitutes 'career suicide,' seeking community guidance on whether this decision is viable given their circumstances and constraints."
"Women in tech books
Any ""women in tech books"" (by or about women) you've loved and would recommend? I loved Broad Band by Claire L. Evans.",advice_request,,yes,,"The poster is asking for book recommendations—a direct, answerable question seeking suggestions from the community to help them find resources to read."
"How to guard against cognitive offloading despite requirement to use AI at work
I started a new job that requires me to use AI for tasks that, up until now, I’ve done entirely on my own (creating presentations, analyzing and summarizing information, etc). Honestly, it feels dehumanizing. But I’m also worried about the potential negative consequences to my own brain health and intelligence. I’m terrified of losing or reducing my own ability to think critically and problem-solve.

I do see and understand there are useful and meaningful ways to use AI in my workflow. But being told to use it to analyze information — something I know I can do, and don’t want to lose the ability to do — is what’s concerning to me.

How are y’all counterbalancing AI usage at work? It’s not an option to not use it, so how can I minimize the harmful personal impact of AI?",advice_request,,yes,,"The poster describes a specific workplace situation and explicitly asks for actionable strategies ('How are y'all counterbalancing...how can I minimize...'), seeking concrete recommendations from the community to resolve their concern about cognitive offloading."
"How long did it take you to get your first tech job ?
I just graduated and I’ve been applying for jobs for months and still haven’t received an interview. How long did it take you l to get your first tech job ?",advice_request,,yes,,"The poster is seeking actionable guidance by asking others about their timeline to first tech employment, implicitly seeking reassurance, perspective, or strategies to help with their job search frustration."
"Gracehopper tips
Hey all,
I’m attending the GHC conference in Cali this year. I keep hearing people talking about “networking” to get invited to events but have no idea how to start.

Also, people talk about joining Slack channels, WhatsApp and Discord groups—does anyone have any links?

Let me know! Any other general tips also appreciated; this would be my first conference :)",advice_request,,yes,,"The poster is asking for actionable guidance on how to network at a conference they're attending and requesting specific resources (links to groups), which the community can directly answer to help them prepare."
"Don’t know what to do
I went to coding bootcamp and was in another SWE team for 2 years (backend), <2 years with this team but I feel I want to leave already. I’m a SWE in mobile app team now, we’re a small team and stretched quite thin.

I do enjoy working on the app and was doing well but now I’m struggling. I was tasked with building a virtual machine for the team but I’m not enjoying it at all and still at it weeks later. I tried to be open minded and saw it as learning opportunity but it’s really above my head and I just find myself growing disheartened, discouraged, disappointed.

When I was tasked with this, I said I don’t know anything about it and my team lead started it said he’d help support but I feel like he didn’t support me enough when I went to him. He said he used copilot to help him so I also used Copilot to continue with the work but often get stuck for a long time. When I go for help, we don’t pair-program, he just asks questions I guess to help me think of solutions but I’m at wit’s end by this point…

I really hate doing devops but we don’t have a devops team so we all must partake in it so won’t escape it. I’ve not touched code for the app in weeks because of trying to build this. It’s just not my strength and I don’t enjoy it.

I think maybe if I was in a bigger team with more mobile app engineers or if there was an actual devops team, I’ll be happier but I don’t know. This is my first company so I don’t know if this is normal so we’re all more well-rounded or there are better companies out there. But job market is abysmal and I don’t think I can handle all the interview rounds… Please share your wisdom with this depleted woman…",advice_request,,yes,,"The poster describes their situation and explicitly requests guidance ('Please share your wisdom'), seeking actionable recommendations about whether to stay, leave, or how to navigate their current role and team dynamics."
"Help with a decision
So I am in usa on opt visa since Jan. I work at an ngo. So I am able to stay on the visa for now. But by Jan 2027, I have to find an actual job which pays.

I have been trying to get a job but I didn’t even get selected for the first round till now. Initially I thought it’s resume or something. But no, I gave changed it many times. I have worked as a software engineer and have experience of 2 years back home in India in python, sql and many other tbh. Cause my previous manager made me work in all sorts of domains in just two years. So I have backend , networking , software and devops skills. But they are all of no use here.

Anyways, recently I have got a job offer in a data center as a debug technician. It’s half debugging and half setting up the servers manually. Thats what the recruiter said. I have the skills required for it. It pays around 22$ per hour. But I have to move to a remote town for that. And apparently, I have to stand in feet for 12 hours. Which I may not be able to do so.

And I talked with some uncle who have been in industry for 20 years. He said the markets are open now and the industry is wiling to hire people on opt again. So instead of moving to a different state and doing all of that, I should focus on getting a job since job market may freeze again in Oct.

Tbh, I don’t wanna join that job too. I feel like I am giving up pretty easily when I still have 7 months left to find a job. But I am also worried that what if I don’t find a job in this 7 months because of the job market.

So, if there is anyone with experience, please give me some advice and share your thoughts.",advice_request,,yes,,The poster describes a genuine decision dilemma (accept the debug technician offer or continue job searching) and explicitly requests advice from experienced people to help resolve it.
"What non-tech jobs can a tech person do?
I’ve been working in tech for 20 years. A consultant at a company for 10 now, but I’m on the bench and no new work coming in so I fear this is the end.

I’m over 40 and tech is a very ageist and sexist business (sexist especially now because of the anti-DEI backlash) so I don’t foresee being able to get another job in tech.

I live in Canada. It’s contacts with American companies that won’t take women. I’m thinking of moving to Quebec where they would have more Canadian clients as well as French ones which might give me a chance. But I think English Canada is hopeless if you’re female.

What should I do?",advice_request,,yes,,The poster explicitly asks 'What should I do?' seeking actionable guidance on career transition and relocation decisions in response to job insecurity and industry discrimination.
"If you are interviewing for a backend role, are you being asked to use AI tools during the live coding round?
Hi all,


I recently had the first experience of a company that asked me to use AI during a live coding interview...


It was the first time I got this kind of interview, and I was wondering if it is becoming common... I am not against AI, but this is feeling waaaaay too fast for me, and I had no idea about the expectations.


If you interviewed in the past months as backend developer, the tech interview was leetcode/assignment/live coding with no AI or you also got a live coding round with AI? How did you handle it?


Thanks for the info!",advice_request,,yes,,The poster describes their own interview experience and explicitly asks for actionable guidance on how to handle this new trend and what to expect in future interviews.
"Need insights on FMLA + Short Term Disability Leave
Hello,

I am going to give a lot of context because I genuinely need help and I really appreciate if you could read through it...

I am a 22yo software engineer who is suffering from burnout, depression, anxiety, panic attacks, and passive ideation. Basically, my mental state is in the gutter. Work is the main reason why, actually...

I recently found out I am FMLA eligible: I only have 10 months of ""full-time employment"" so far, but I interned 2 years ago at the current company I work at for 10 weeks at 40 hours a week.

So I have a net total of 12+ months with the same employer.

I was initially going to wait to reach 12 months of *CONSECUTIVE* employment with my employer, during which I'd also resume therapy and get a more up-to-date psychiatric evaluation, but my mental state can't take it. I'm so burned out. It's hard to do anything, so I am going to be taking the FMLA earlier than I expected.

I did Googling and asking AI to get my initial info, but I wanted to ask people who have experience with this; this is my first full time job, I have no idea how this works or how insurance works, I'm actually still under my parents' health insurance too.

My primary care provider (PCP) and I discussed this at my last visit. She explained that people typically file for FMLA and STDL (short term disability leave) at the same time and they work together. FMLA is a lot easier to get accepted since it's unpaid, the insurance won't scrutinize it as much. You can take up to 12 weeks FMLA in a calendar year - I'm planning on using the whole 12 weeks at once.

TLDR of medical history relating to mental health:

Been on antidepressants since November 2021 until now; first tried them in early 2020 but I didn't continue till later

I first tried therapy in early 2020 for a few weeks; did therapy again with the same person from November 2021 - Jan 2025

I had psychiatrist I visited every 3 months from early 2020 - Jan 2025 for ADHD/depression

Switched to a new PCP in late 2025

FWIW, I also got hired under a neurodiversity program at work; I don't think I ever formally disclosed it to my manager or teammates the diagnosis, but I have ADHD for which I take medication for the last 6y

Notably, I haven't had therapy and have not been seeing a psychiatrist since around Jan 2025, even though I was still depressed. In Jan 2026, I decided to restart therapy after many panic attacks but unfortunately life got in the way and I've just been delaying it.

I'm worried about my STDL not getting accepted because of there being not enough paper ""evidence"".. Again, I was planning on getting help soon and then taking the leave later, but I can't tolerate working anymore.

Also, for some more context even though I'm a full time employee, I have to log hours into Workday. I normally just put 9-5 every week and submit, which is standard practice in our company. The hours are pretty much a formality. My FMLA and STDL are both covered through Metlife, I don't pay into it the employer does on their own.

So, with all that being said, here are my questions:

How does short term disability leave work in terms of getting accepted? Is it true that I'm most likely going to be DENIED since I have no ongoing therapy and psychiatrist, even though I'm taking antidepressants and my PCP knows I'm very depressed? If my STDL is denied, can I fight it, or add more evidence later? I.e. 5 weeks into FMLA I could show the insurance hey, I'm getting therapy, I'm working with a new psychiatrist, etc.?

How does retroactive leave work for FMLA and STDL? If I start the paperwork now then I can leave even before it's approved? My PCP said 10-15 days for everything to be approved is standard, is this true?

While I'm on leave, assuming my STDL gets approved, how will I get paid? Do I still have to log into Workday and log 40 hours a week and submit to my manager?

I might permanently QUIT the day my leave ends (or switch jobs because I hate my current environment)... I haven't decided yet, but IF I do this, there SHOULD NOT be any ""claw back"" since I'm not paying into any of my employer's insurance plans + I'm using my parents' health insurance, right? Will there be any legal ramifications if I do this?

How do I tell my teammates and manager? Do I just say like ""hey I'm going on an extended leave for qualified medical reasons, the start of the leave is X and the expected return is Y""?

Thank you so much for the help in advance; please let me know if any other context could be helpful",advice_request,,yes,,"The poster describes their situation and presents multiple specific, actionable questions about FMLA/STDL eligibility, approval processes, payment during leave, potential clawback consequences, and communication strategy—all seeking guidance for decisions they need to make."
"Unemployment, any advice?
Hey, ladies, I'm about to get fired and will need to go on unemployment soon. I've heard of people being on it for 8 months or more. I want to make sure I do everything right since the job market is kinda bust. Can you guys give me any advice of what to do/not do?

Missouri, USA",advice_request,,yes,,The poster faces an imminent unemployment situation and is explicitly asking for actionable guidance on what to do and not do when applying for and managing unemployment benefits.
"Continued education?
Hello everyone! I graduated with a B.S. in comp sci last summer and was fortunate enough to find a role as a software support technician for a mid sized tech company.

After six months, I’m not happy with my job. The goal was to use this opportunity as a stepping stone to another role but per company policy, I cannot move internally till I’ve been in my current role for 24 months.

I did serve active duty military and very grateful to have 2 years of my GI bill left. I’ve been considering going back to school for either a masters in data science/mathematics or doing some certification program to get more exposure to data analytics.

I don’t know… I have such mixed emotions and feel ungrateful for want to leave but this isn’t what I want and 2 years is so long to be in this role.",advice_request,,yes,,"The poster describes their situation and seeks actionable guidance on whether to pursue a master's degree, certification program, or another path forward to advance their career—a genuine question about what they should do next."
"Tips for my first working student position in tech as a master’s student?
Hi everyone,

I’m starting my first working student position in tech while doing my master’s. It’ll be my first professional tech environment, and I’ll be the only woman on the team, so I’m excited but also a bit nervous.

From what I understand, I’ll probably work quite independently on projects and have contact with the business side to understand what’s needed.

I’d love to hear:

What do you wish you knew before your first tech role?

What helped you settle in during the first few weeks?

Any advice for working independently while still learning?

How do you handle communication with business stakeholders as a student/new starter?

What should I pay attention to early on?

Thanks in advance!",advice_request,,yes,,"The poster explicitly asks for actionable guidance on multiple specific aspects of their upcoming role (onboarding, independent work, stakeholder communication, priorities), seeking recommendations that would help them navigate their new position."
"Career advice and resources?
Hi all!

I have been struggling with feeling lost in my career in tech( not IT, but electrical engineering). I am trying to look for new jobs, but feel very uncertain about what I would enjoy.

Does any of you have recommendations for resources which can help me find my way through this? I am also open to leaving tech altogether, but my experience of more than 8 years is very tech heavy with PM experience also within my domain mostly.

Appreciate any tips you all might have!",advice_request,,yes,,"The poster explicitly asks for recommendations and resources to help resolve their career uncertainty, making this a genuine actionable request rather than just venting about their situation."
"My first job in tech - the imposter syndrome is crazy
I just completed my degree but I've been working as an intern for almost a year at my current company. I recently got my full time conversion and was transferred to a different team and got a new manager.

The shift between my work as an intern to my current role seems way too wide and I feel very under-prepared. My previous manager used to treat me as a beginner because I was an intern and would answer all my questions no matter how stupid. I even worked on internal tools and automation projects under him, presented my work to the higher ups too. But when I transferred teams and I asked my questions to my new manager, he just said ""you're supposed to find this out on your own"" and asked me to study the documentation (which btw is very old, was last updated like years ago), even the people on my team said there's not much helpful documentation. My work from my previous team is completely separate front he current one so I have very little idea/context.

Now even if I have a genuine question, I hesitate in asking them out loud. I've been trying to get whatever information I can from the outdated docs and I've been using some AI agents to understand concepts from the code but it still seems futile. I'm only have an idea about the basic structure of the product we work on but I'm not able to answer questions from other teams or even think of the direction/approach I should take.

Since the role is remote, it is harder to connect with the team too. I've been trying to reach out and ask for work on my own from the team because when I ask my manager he just dismisses it saying I need to study more. I thought we're supposed to learn stuff on the job or am I wrong?

Now I'm just doubting my own competency.😭",advice_request,,yes,,The poster describes a specific professional situation and seeks validation/guidance on whether their learning expectations are reasonable and what they should do about their manager's dismissive approach—an actionable question about how to navigate this transition.
"First job was a chaotic startup; now joining an MNC. Any advice?
I've spent the last 2 years at a small, founder-led startup, which was also my first job out of college. It was fully remote and extremely informal. There were very few processes, little structure, unclear career progression, and almost no formal performance management. A lot of things depended on individual people rather than systems.

While it taught me a lot and gave me plenty of responsibility, it also meant I never really learned how a larger organization operates. I got used to figuring things out on the fly rather than working within established processes.

Now I've landed a job at a large MNC in Bangalore, and I'll be relocating from Delhi for it. I'm excited, but also feeling pretty intimidated.

Objectively, I know I'm capable. I communicate well, I'm proactive, I learn quickly, and I've consistently delivered good work. But I've never worked in a corporate environment before. I'm not familiar with the jargon, the etiquette, the politics, or even basic things like what people wear to the office.

I'm also fairly introverted. Once I'm comfortable with people, I'm warm and friendly, but initiating conversations and putting myself out there doesn't come naturally to me. Everyone talks about networking and building relationships at work, and I worry I'll struggle with that or come across as awkward or out of place.

Part of me feels like everyone else already knows how to ""do corporate"" and I'm the only one trying to figure it out as I go.

For people who moved from a small, unstructured company to a large MNC, especially if it was your first major job switch, what was the transition like? What do you wish you'd known beforehand? Any advice for navigating corporate culture, building relationships at work, and managing the imposter syndrome during the first few months?

And if you've relocated to a new city for work, I'd love to hear any lessons from that experience too.",advice_request,,yes,,"The poster describes their situation and explicitly asks for actionable guidance on multiple fronts: navigating corporate culture, building relationships, managing imposter syndrome, and relocating—seeking community experience and recommendations to resolve their anxiety about the transition."
"Should continue CS?
Hi,

I’m from Singapore and previously pursued Computer Science in Australia. Unfortunately I was weak and ended up struggling, became depressed, and kept failing. What was supposed to be a 3‑year course stretched into 5 years, and I eventually gave up.

After that, I joined maritime studies, where there is opportunity to study in UK and start earning earlier. I chose maritime mainly out of desperation, since my dad told me he had no savings for my studies (later I found out he lied).

Now, I’ve been given the chance to transfer back into Computer Science at PSB. I feel torn, maritime offers me opportunities to go abroad, but I don’t enjoy the course. On the other hand, I still have a strong interest in Computer Science, but I worry that I’ve already wasted so much time and that it will take longer before I can start earning well.

I really have no one in my family who failed as miserable as me and I wished I wasn’t here.",advice_request,,yes,,"The poster describes their situation and is seeking guidance on a genuine, answerable decision: whether to transfer back to Computer Science or continue with maritime studies, with explicit concern about timing and earning potential."
"Is it possible to switch without going back to college?
I was a translator but I want to switch to tech. Do I have to get back to school?",advice_request,,yes,,"The poster describes their own situation (career transition from translation to tech) and asks a direct, answerable question about whether they need to return to college, seeking actionable guidance for their decision."
"TransUnion ( Data Scientist) Panel Interview – Need Prep Advice (Case Study + Technical Rounds)
Hi everyone,
I have an upcoming panel interview with TransUnion ( Data Scientist position ) that includes one business case study round followed by two technical rounds. The structure has been shared with me, but the details are still quite vague, and I’m not sure how to best prepare.

For the technical rounds, I’m unclear on what to expect — whether it will be more of a resume walkthrough, technical case study discussion, or focused on core technical concepts like SQL, Python, machine learning, etc.

Right now, I’m a bit confused about where to start or what areas to focus on for each round. If anyone has gone through this process or has any insights on what the case study and technical rounds typically look like, I would really appreciate any guidance or tips on how to prepare effectively.

Happy to connect via DM as well.

Thanks in advance!",advice_request,,yes,,The poster describes their specific interview preparation situation and explicitly requests actionable guidance on what to study and how to prepare for each round—questions the community can answer with concrete recommendations.
"Podcasts on AI from women's perspectives
Hello,

I'm voracious for AI content - that is, commentary and analysis about AI not AI generated content!

I am not a regular user of AI, I would say my stance leans more towards curious sceptic.

One thing that I feel is missing for me right now is a podcast which approaches the sociological, philosophical and political impacts of AI from women's perspectives.

If anyone has any good recommendations I would love to hear them.",advice_request,,yes,,"The poster explicitly requests podcast recommendations to address a specific information need they have identified, making this a genuine answerable question about what resources they should consume."
"Sonographer wanting to move in to health tech
I have 12 years of experience in OBGYN/high risk pregnancy sonography. I’ve only worked in outpatient hospital settings. I love my job but I’ve been really interested in the R&D aspect of ultrasound or using my skills for clinical applications. I’m having a difficult time finding ways to branch out or job searching. Any tips would be great!",advice_request,,yes,,"The poster describes their specific situation and career goal, then explicitly asks for actionable tips on how to transition into health tech roles, seeking guidance on job searching and branching out."
"Women in tech: what makes you keep using a wellness app?
Hi everyone,

I’m a former HR manager who learned programming during pregnancy and spent the last few years building an emotional wellness app for women.

Before I continue adding more features, I’d love honest feedback from women in tech.

What makes you keep using a wellness, journaling, or self-care app?

And what usually makes you uninstall it?

I’m especially curious because there are already so many apps in this space, and I’d rather learn from real experiences than make assumptions.

Thank you 💜",advice_request,,yes,,"The poster is seeking actionable feedback to inform product development decisions—they explicitly ask for honest input on what drives retention and churn, with a stated goal of using those insights to guide their next steps."
"Thinking of dropping Computer Programming and switching to Nursing at 34
I'm 34F and currently studying Computer Programming, but I'm seriously considering switching to Nursing. When I first started, my goal was to eventually move into AI Engineering or Data Analytics/Data Science after gaining some experience and continuing my education. But the more I learn about the current tech job market, the more uncertain I feel about that path.

If I stay in programming, I'll likely graduate around 37.


One of my biggest goals is to have a career that I can realistically work in until I'm 60 or beyond. From what I've seen, tech seems to have some challenges that worry me:


Ageism

Offshoring of jobs

AI replacing or reducing entry-level opportunities

Job insecurity and frequent layoffs

Very few entry-level positions compared to a few years ago

Some of the material at my school seems outdated (around 6 years old)


That said, there are things I genuinely like about tech:

Remote work opportunities

I'm an introvert

I enjoy working with computers and solving technical problems


For the women in tech, especially those who have been in the industry for a while, would you still recommend pursuing this field today?


And for those who recently graduated or entered the industry, how long did it take you to secure your first job? Was it a developer role, IT support, QA, data-related role, or something else?


I'd also love to hear from anyone who switched into tech later in life or from anyone who chose nursing instead. Looking back, would you make the same decision again?


I appreciate any advice or experiences you can share.",advice_request,,yes,,"The poster describes a specific, consequential decision they face (stay in programming vs. switch to nursing) and explicitly requests actionable guidance and experiences ('would you still recommend', 'how long did it take', 'would you make the same decision again') to inform that choice."
"After changing teams how long to wait before changing companies?
In a toxic team and I’m thinking of changing companies or teams. I’m thinking change teams first so that at least my mental health is no longer getting bad and wondering how long to wait before I can change companies after changing teams
",advice_request,,yes,,"The poster describes their situation (toxic team) and asks a direct, answerable question about timing for career moves—they want guidance on a specific decision they face."
"Hello ,I'm new to Richmond , looking for Sotware , tech jobs in over here .I have three years of experience in Java (springboot). what tech companies are over here , which has quick interview process and little bit easy in contrast to companies like MANG .
IF you know any recruiter please do let me know , if you know any company hiring, please help me out !",advice_request,,yes,,"The poster is asking for actionable guidance on job opportunities, company recommendations, and recruiter contacts in their new city to advance their career search."
"should i get a master ?
I’m a 26F immigrant and recent Computer Science graduate, and honestly I feel really stuck right now.

I moved to the U.S. when I was 18 without speaking English and with very little money. I had to work for years to support myself, pay for college, and take English classes at the same time. Since my family couldn’t really support me financially, I had to keep a stable job while studying, so I worked as a nanny for 5 years. Because of that, I wasn’t able to do any internships. I also don’t really have a network in the CS field. I don’t have friends from high school here since I graduated in my home country, and I transferred from college to university, so I didn’t make many connections there either because after classes I had to go straight to work.

It’s been 6 months since I graduated and I haven’t been able to get a single internship or job. I’m currently in the San Francisco area because my husband works at Meta, and I don’t need visa sponsorship. I’ve been applying a lot, studying LeetCode, and reaching out to people on LinkedIn for referrals, but I keep getting the same response: “we decided to move forward with another candidate.” My husband could refer me, but he thinks I’m not strong enough yet and that I might need another year improving my skills, especially LeetCode, which makes me feel even more unsure about what I should do next.

I’ve been thinking about whether I should go for a Master’s degree to try to get internships that way, or try to get any kind of experience like TA or just keep applying and studying. I feel like I’ve worked so hard to get here and now I’m just stuck at the starting line.

P.S. My resume is actually very similar to my husband’s in terms of structure and projects, the main difference is that he had real work experience and I didn’t. I do have projects on my resume.",advice_request,,yes,,"The poster describes their specific situation and explicitly asks for actionable guidance on a decision (Master's vs. TA/continued applications), seeking recommendations that would help them move forward in their career."
"Keeping up with tech
Hello darlings,
For those who have young kids and a demanding job, how are you managing?
I recently joined a company and have 2 boys- 11 months and a 6 year old. Both are hyper active and drain my energy 😞
To keep myself up to date with the latest technologies in my field- AI, cloud technologies, distributed systems and stuff, I’m getting lost on how to carve out time in between managing Jira stories , meetings at work and family. Also my company is back to office. Looks like I have too much going on. How are you all managing.
Help this girl with all your tips.",advice_request,,yes,,The poster explicitly describes their situation and asks for actionable tips on how to manage time for professional development while balancing work and family demands—a genuine question seeking guidance from others in similar circumstances.
"confused with next steps
hi everyone. I've been in tech companies for the past 6y, mainly ad tech / mar tech, always on professional services / customer success roles, but with a technical focus. so yeah basically I'm tech support, but 3rd level/specialist of a kind. last year I was asked to lead a team of technical account managers and I guess I wasn't ready for it cause I felt like an absolute failure every day. It wasn't just about ""not doing anything myself"", but also my team, which honestly are 100% better solution engineers than me, didn't really see me as leader and would more often than not just handle things on their own, not ask for help, escalate to product and R&D without consulting me (and then later I got pushed back from said teams saying it was poorly escalated, but I didn't even knew they were doing it to begin with)...anyways, it was all very frustrating and the business we were supposed to be dedicated to wasn't making things any easier so I spent an entire year absolute hating every second I had to 'work'. And I put work in quotes here because honestly, I didn't work. I spent my days pinging people, following up on stuff, trying to improve processes and etc but it all felt very pointless and a waste of everyone's time. I got to a point that I did all my 'work' (except for meetings, ofc) in less than 2h and would do nothing the rest of the week / do meetings only.


The part about automating all the boring work to a level that I had to spend no time on it was actually good because I could do personal stuff - I learned to roller skate (learning), I started bouldering/climbing longer hours in the mornings, I would take my time drinking my coffee etc.......but I felt like I was stuck, like I wasn't developing, like I wasn't bringing any value whatsoever to my team and the company. So I asked to move positions or to get fired


They moved me to a new 'lead' position, cause I guess they can't demote me, but now I'm a tech lead and not a team lead, which I thought I would be happier with - I like the platform and algorithm troubleshooting, the reading code, the finding the missing pieces, connecting the dots, etc, but I absolutely hate advertising/performance optimization and troubleshooting, which basically is telling business tô fucking read the best practices and if they are already doing what the best practices say to do, there's nothing much to be done other than say 'well yeah your product sucks' in a polite way


Turns out that being a tech lead means the latter, not the first one which I do enjoy. Working with product and RND really motivates me, I have fun learning new things, I have hyper focus on tech issues, etc but ever since AI stormed everyone's companies, this is becoming less and less relevant, I also feel like I'm getting dumber because instead of taking 5h reading the code and looking for PRDs, tech specs, jiras, confluences, etc to connect the dots, I just ask Claude or Codex to explain instead


On top of that, I get so much more shit from business now that Im working everyday extra hours, until 11pm or more, and I feel like I'm drowning in problems that technical account managers should handle but my boss says it's me because 'im the tech lead and this is strategic and too big for them'


So I'm stuck in a position that I was supposed to enjoy but I absolutely hate and I don't have time to drink my coffee at peace, to climb extra hours, I don't remember the last time I roller skate....I regret ever saying I was frustrated with my previous role, but then again I'm a person that sees herself a lot through her work so when I don't feel like I'm doing something, I tend to take it personally and reflect that to my personality/my own self worth (I know I need therapy, I have been for the last 7y with the same professional and trust me just the fact that I can see this relation is a big break through already, I'm working on dissociating work value from personal value, but it's hard)


Anyways, I wanted to vent, sure, but also wanted to hear from others in the 'in between' tech positions (not fully tech, but also not fully non tech) how is it like for you, what paths do you see forward and how could I relocate either to different tech industry (not adtech) without zero technical knowledge of anything (I can code, sure, but I'm not an architect or an software engineer so I'm as good as Claude Code....worse even, cause Claude van architect and I can't) and being a woman. It's already hard thinking how I would be able to be relevant as a man on the path I am, I cannot even begin to think about how it's going to be like for me :(


On a side note as well, I really want to move to Austria to live closer to my sister. I'm from Brazil and I don't know how to relocate with a visa sponsorship, I tried applying to companies that do it like Dynatrace, but I guess not having the technical knowledge of their business needed for the 'less technical but not completely business' positions is a filter :( any tips are appreciated


If you got this far on my very long vent, I hope you have an amazing day!",advice_request,,yes,,"Despite the extensive venting narrative, the poster explicitly requests actionable guidance: 'how could I relocate to a different tech industry', 'how is it like for you, what paths do you see forward', and 'any tips are appreciated' regarding visa sponsorship and career transitions—these are genuine questions seeking community recommendations to resolve their career and relocation dilemma."
"Got Bought Out, Now What
Buckle up, this is a long post. My business partner asked for a buyout the day we signed the biggest deal we've ever had. Naturally, I balked a bit, but being pragmatic, immediately took it to my attorney.

Fast forward, it was a trash deal, but fuck it. I signed it to never have to talk to this guy again. What I do and build isn't actually hard. I can do it again.

BUT NOW the mf isn't paying me. Obviously straight to breach of contract litigation for him, but what should I do next?

I work in development and system implementations/migrations, and business intelligence and AI and weirdo low code no code solutions.... I, as a woman of class, just say ""I unfuck companies shit.""

But it's been diminishing returns spiritually for awhile with the work. Should I stay in the industry or should I go? If go, where have some of you ended up? If stay, what did you do to make a difference to keep going? Not drowning here, just floating.",advice_request,,yes,,"The poster faces multiple actionable decisions—whether to pursue litigation, whether to stay in tech, and if staying, how to find meaning—and explicitly seeks community guidance on these paths forward."
"would you pursue this opportunity?
My previous cofounder and I decided that since we haven't been able to raise funding yet, I'd focus on finding a job for now.

A founder she introduced me to a while back is hiring for a Founding Engineer role that looks like a really good fit for my background. We live in the same city, follow each other on Instagram, and I've always thought what he's building is interesting.

The complication is that my cofounder later had a weird personal experience with him and wasn't a fan.

We're very close, and I don't want to damage the friendship, but I also don't want to pass on a potentially great opportunity because of someone else's experience.

Would you still pursue it? And would you tell your cofounder before reaching out?",advice_request,,yes,,The poster describes their own decision dilemma and explicitly asks two actionable questions: whether to pursue the opportunity and whether to tell their cofounder first—both seeking community guidance on what they should do.
"A year into my biotech job search and I'm seriously starting to lose hope
I don't really know where else to vent about this.

I'm almost 35 and I've been looking for a job in biotech for just over a year now. Some days I feel optimistic and other days I get stuck in my own head and start wondering if I've somehow messed up my chances of having a career.

I know the obvious question is: ""Have you applied to hundreds of jobs?"" The honest answer is no, not recently. I think I'm burnt out. I spend a lot of time tailoring my resume and application materials for each role because everything I've read says that's what you're supposed to do. In the last several months, I've only had 2-3 interviews. What's even more discouraging is that they came through some kind of personal connection, not from cold applications.

My situation is a little unusual, I think. I went back to college in my early twenties after changing career paths, earned a bachelor's degree in microbiology, then went on to get a master's degree in bioinformatics. After graduating, I stayed at the university working part-time on a research project that grew out of my thesis. The pay was terrible but I thought I'd just do it while I searched for something more permanent. But I ended up staying for about a year and a half, finished the project, wrote a research paper and moved on when it was published. Almost as soon as that happened, life got in the way. My husband's business started taking off and needed help, then he had an accident and we went through a tough time (it's all better now though). I also started caring for my stepdaughter even more than before (still do), then resumed the job search and here I am.

Looking back, I think taking that research assistantship may have been a mistake. It was supposed to be part-time, but the research work consumed a huuuge amount of my time, paid very little, offered no benefits, and left me with limited bandwidth for a serious job search (which is a full-time job in itself).

Because of that path, I don't have what most employers would consider traditional full-time industry experience. Most of my experience comes from research assistant roles, an internship, teaching associate positions, and smaller consulting projects that span my background. I didn't think any of it was insignificant but it's starting to feel like it. Sometimes I wonder if employers just see no full-time industry experience and move on. Or is it my December 2023 graduation date? I'm no longer fresh out of college but I also don't have full-time experience. I feel like I'm in some type of limbo.

It's so hard watching the field keep moving while I'm on the outside looking in. During my master's, I felt like I was keeping up with new tools, methods, trends. Now it feels like everything is evolving so quickly, especially with AI becoming part of almost every conversation. The longer I'm out of the workforce, the more I feel like I'm falling behind. Not because I've forgotten everything I learned but because there's only so much you can keep up with when you're not actively working in the field every day.

What makes this even harder is that I live in San Diego, which is supposed to be a biotech hub. Everyone used to say biotech is booming here but I feel completely locked out of it. I've gone to networking events. I've reached out to people. I've used whatever connections I have. At this point, I feel like I've run out of people to contact.

The emotional side of this is getting harder too. I always imagined that by this point in my life I'd have established my career and would comfortably be looking to get pregnant.

I keep thinking, if I can't get my foot in the door now, what happens in a few years? Am I still going to be trying to break into the industry at 37 or 38? Even roles I come across that sound more entry-level still want years of experience.

How did you finally break through? And if you were in my position, what would you do next?

Thanks for listening.",advice_request,,yes,,"The poster directly asks 'How did you finally break through? And if you were in my position, what would you do next?' seeking actionable guidance on their job search strategy and career path forward."
"Just realised I’m massively underpaid compared to a coworker
17% less to be precise. Turns out the percentage has been around the same for our starting salaries too. She’s now been in the business for longer. Same job title.

Is there anything I can do? How do I bring this up with my manager or even HR?

I feel nothing material would happen out of this so just feeling extremely angry.

Anyone who’s ever discovered the same in the past? How did things turn out in the end? I’m assuming either no salary increase and / or you left for another company.",advice_request,,yes,,"The poster asks explicit, actionable questions about what to do ('Is there anything I can do? How do I bring this up with my manager or even HR?') seeking guidance on a specific decision they face, even though frustration frames the post."
"AI assisted live coding interview
I’m currently interviewing for a position,
and one of the stages is a live coding exercise where I need to use AI. Cool.

I’m an experienced dev, and I’m well acquainted with doing and giving live coding exercises. I use Claude day to day at my job, but I don’t feel like I use it with any particular finesse, and I’m very unsure what to expect from this type of interview.

Have any of you run this type of interview? Do you have any advice on what sorts of skills are going to be assessed? Am I just overthinking it, and this is just going to be vibecoding a basic application with not much else?",advice_request,,yes,,"The poster describes their specific situation and asks direct, answerable questions about what to expect and how to prepare for an AI-assisted live coding interview, seeking actionable guidance."
"Amorphous, directionless role; difficult manager; conflicting direction from leadership. Should I jump?
I’m in a comms/marketing function at a company, relatively new to the role. The role is much bigger than it was described on the job description and it does not have clear deliverables. I am basically supporting/activating the rest of our team and creating cross-platform strategies, so I don’t have a lot of ownership over any single thing. Priorities change weekly. Meanwhile, our leadership is all over the place on our company-wide messaging, and their perspective is completely counter to what I was told when I was hired. My background is not in tech, and they specifically sought someone outside of tech to help with exec-level comms; now we are being told to keep things very technical. In addition, I have a manager who is also new to the company, and while they’re older than me they have no experience in what I do and is clearly nervous about ownership and showing impact after having been laid off multiple times before. I can’t really blame them, but they make my life difficult - they do not include me in necessary meetings or update me on developments that I need to be aware of, and keeps things close, like messaging documents, that I need to do my job. They also do not communicate well; I find myself asking questions 3 times during our 1:1s trying to get a straight answer.

In short, the job is messy and stressful and not what I expected. I honestly wake up every day discouraged and dreading it. I feel like I can’t succeed and am being set up to fail to an extent.

However, the pay and benefits are amazing and it is fully remote, and I know I will have a hard time finding this level of pay and benefits for my level of work elsewhere.

I’m less than half a year here, and I’m trying to rebuild my savings after an illness, and this job could really help me get ahead financially. But I dread the idea of staying here for even another year. How would you handle this? Would you stick it out or is it just going to get worse?",advice_request,,yes,,The poster describes their difficult situation and explicitly asks for actionable guidance on a key decision: 'How would you handle this? Would you stick it out or is it just going to get worse?' — seeking recommendations on whether to leave or stay.
"Pregnant, Client Facing New Job
Edit: Thanks everyone— I’ll keep things dormant til later in the pregnancy.

The title explains it all, and I’m 10wks and nervous about when to speak up?

A few weeks after I signed onto a new role, I found out I am pregnant with my first on the way early next year. Luckily, maternity leave benefits begin immediately, and the job has amazing structure, flexibility and leadership.

The problem is, I’m client facing and need to either confess now and risk losing my job before they give me clients, or delay til we are further along in my term.

Some say wait til out of the first trimester where all the serious concerns and complications mostly arise. Some say wait til we’re far down the road.

If anyone has experienced this, what did you do? Did you approach HR or a boss first? Any best tips? Please, no scare tactics from anyone who has not experienced this before- I know the market is crazy and all the odds of being fired, laid off, etc. I just need to plan a date and move forward.",advice_request,,yes,,"The poster faces a concrete decision about timing and approach for disclosing pregnancy to her employer, and is directly asking for actionable guidance from people with lived experience in similar situations."
"The want me to be a developer... but I'm a product manager
I've mostly been a reddit lurker but this sub has inspired me to just ask and see anyway...

I was hired a year ago as a sr technical product manager. I've got a little bit of everything in my back pocket from working in orgs from small to large. But I'm not a developer, and I don't think it'd be smart for me to pretend to be one. But I've been making low-code tools and dashboards for years now.

That being said, the org I work at now is very pro AI. It's empowered me in a lot of ways, created some noise, connected some dots, and screwed me over. Much good- much less than good, but I've been enjoying the challenge. I've been vibe coding personally for a minute now, and I've picked up a lot of the missing pieces... that i know of...

Now, with the constantly improving models, they want me to triple down on being the in-house dev person. But I'm aware enough to know I'm missing a LOT of the foundations I'll need to be successful.

But does it matter? Given the improving models am I at a strong enough disadvantage? I do not feel super confident because I know I'm missing some experience here. But, if AI is gonna be able to work relatively autonomously (and where it's at now is already pretty impressive) and I have great requirement gathering and prompting skills- do I need to advocate for them to find someone else to fit in this position (as risk my own ass in the process?)

Are there things I should be sure to study up on that could help me bridge the gap from the person who knows the product to the person who builds the product?

I'm rambling, but hopefully u can understand the push pull of fear and excitement here.",advice_request,,yes,,"The poster describes their situation and asks multiple actionable questions: whether they should take the dev role given their foundation gaps, whether AI capability compensates for missing experience, and what they should study to bridge the gap—all seeking guidance for a concrete career decision they face."
"how do you handle being the only women on a team where the ""culture"" is entirely built around stuff you cant or dont want to join?
genuine question, im an EM and im a bit stuck. my team's whole social fabric is a gaming guild they're all in, plus a poker night, plus a very specific brand of group chat humor. none of it is hostile. none of it is anything i can point at as a problem. it's just a culture that formed around interests i dont share, and the effect is that the bonding, the trust, the casual context that greases everything, all happens in rooms im not in.

it shows up in real ways. decisions get pre-baked in the guild voice chat before they hit our actual planning. someone gets the benefit of the doubt because they're ""a good guy, we game together."" im not in the room where the relationships get built, so im perpetually catching up to a team that already aligned somewhere i wasnt.

i dont want to force myself into poker night to be one of the boys. that feels like losing either way. but i also cant just let the real decisions keep happening in a room i have no reason to be in.

for women who've managed or worked on teams where the culture coalesced around something you werent part of: did you find a way to build the trust through a different door, or did you have to either fake interest or accept being slightly outside it forever? whats actually worked, not in theory, in your real team?",advice_request,,yes,,"The poster describes their own managerial situation and seeks actionable guidance on how to build team trust and inclusion through alternative mechanisms, asking directly what has 'actually worked' for others facing similar circumstances."
"Startup red flags
I’m interviewing for new roles (currently in management, 10 years of experience in consulting and SaaS) and looking at smaller companies with more room to grow.

Would appreciate any insights on what I should watch out for, specifically when it comes to company culture.",advice_request,,yes,,"The poster explicitly asks for insights on what to watch out for in startup interviews, seeking actionable guidance to evaluate companies before making a career decision."
"I need to change...like now...
Im done with my 6th sem exams(I'm a btech electrical student)....I'm so frustrated with myself about how confused I am about my future. Next semester companies are gonna be coming in for placement. I know I don't want a job in the field I am studying rn bcoz it's kinda boring and also doesn't offer very high paying jobs. So I want a job in IT...not because my interest is there but at least it offers higher salaries. I have slight interest in dsa which I have had an on again off again relationship with and I know a little but not enough at all. I don't know what Im doing....why I'm not panicking. I know that I should work a job I have interest in but this is all I can think of rn. I do have things I want to try but they are not very feasible at the moment. Someone encourage me or just give some advice as to what I should do or how to not be the way i am rn. The only way things could get somewhat better would be to get a job at least by the end of my college so that I have some face to show to my parents and myself....please i need an angel to guide me or someone....I'm so desperate but don't know how to do or what to do😭😭",advice_request,,yes,,"The poster explicitly requests actionable guidance ('give some advice as to what I should do') and reassurance about a concrete decision they face (career direction before placement season), making this a genuine ask for recommendations rather than purely emotional processing."
"Needing to compete with younger devs
Earlier in my career I was in a growth space. I got good projects. I didn’t feel like I had to fight for them or grab them first lest someone else snatch them up ahead of sprint planning and show up saying “it’s already done”.

Is this a culture problem specific to my current workplace or is this just normal now?

As women we’re taught to be a team player and help people and play fair. I highly doubt I could get away with that behavior^

I think what’s scaring me and what I’m realizing is that maybe this is what it means to be in this stage. Maybe being just a little right of “older” means competing with new grads. I just thought it would be “fair”. I feel so naive. I thought I’d continue to get the good projects.

I think I somehow became “out of fashion”. And I’m a little confused. Because my skills got better not worse. And the projects got easier not harder. It’s only hard to GET the projects.

Definitely looking around. I’m sure this is prob everywhere but sometimes it’s time for a fresh start.

If you deal with this type of dynamic, any advice on how to get in front of it or flip the script? Need to steel myself over for next time…",advice_request,,yes,,"The poster explicitly asks 'any advice on how to get in front of it or flip the script?' seeking actionable guidance on navigating project allocation dynamics and preparing for future situations, despite the post's primary emotional component."
"Discussing colleague behavior with my manager
i have a coworker who is more senior than me who i have good reason to think has feelings for me or something a bit obsessive about me, i have a weekly 1-1 with my manager and i want to bring this up. i work at a early stage startup without HR, and my intuition is that if this is a problem that i should confront the coworker, i want to tell my manager because i want to know if he has any suspicion or if he can be mindful if there is anything retaliatory that happens, the reason i am worried for that is the way he treats one of our newest team members. the things that have made me think this is true i think very obvious when i first joined the team (directing his attention souly at me). i believe when i felt this way before i tried to be open about the fact that i am dating someone and generally giving him the cold shoulder. i felt like i also gave him the benefit of the doubt since he probably is on the spectrum and i am likely the first technical woman he has worked with, but i honestly was really concerned before because i used to report to him before i reported to my current manager. there are behaviors that have come up recently like he tries to plan his meals around when i am eating, i think he wants to pair program on things that don't require pairing, and i think he's using it as a way to sit next to me. its strange because i assume that he has become easier to work with because i am around he is willing to teach more, pair and be less removed, i think that he also listens to me more than others, so i imagine that in someways i am providing value to the company because he is the most stacked and challenging employee, but is becoming easier to work with.

I started logging times when i think this pattern comes up, but I am today looking for advice on how to bring it up with my manager and how to eventually confront this coworker",advice_request,,yes,,"The poster explicitly asks for actionable guidance on how to bring up the issue with their manager and how to confront the coworker, seeking specific communication strategies for a decision they face."
"PLEASE HELP. 23F MS Data Science Graduate got scammed TWICE
Hello my fellow ladies,

I'm a Data Science graduate who finished her studies in September 2025, and have been hunting for jobs for the past 10 months.

I know the job market is extremely hard and I've become numb to the ""we have decided to move on with other candidates"" emails.

Apart from the tough job market, I've also been scammed by 2 fake companies for whom I've completed multiple assessments, interviews and get an offer letter, only to know it's fake (worse than a rejection email).

I'm also a victim to a data leak (name, email, personal info etc.) where some recruiter sold my details to a scammer and they demanded money from my parents.

At this point, I don't know what to do anymore.

Over the past 1 year, I've been learning and building projects from the sideline as well.

With the next batch of graduates about to pass out, I don't know if I'll ever get a job.

If anyone can help me land a job, I'd forever be grateful to you.",advice_request,,yes,,"The poster describes a specific, urgent situation (job search difficulties, scams, data breach) and explicitly requests help—'If anyone can help me land a job'—seeking actionable guidance or a recommendation that would resolve their employment crisis."
"Less than full-time SWE or adjacent jobs?
I'm a mom in the U.S. with 3 younger elementary/preschool age kids and we are two full-time parents with no support system. It is 1000% not working and something has got to give. We could probably support ourselves if I, the slightly lower wage earner, went part-time or 3/4 time but anything less than full time doesn't exist at my current workplace. What are realistic options for me? I see contract positions posted sometimes but it's hard to know if I'd be competitive or if I can trust that they are even real jobs to begin with. I don't think I have enough expertise to be a consultant. I'm 4 years in to a career switch, focused in mostly front end angular, some full stack, and growing experience with generative AI. I used to work for universities with managing a Salesforse-like CRM specific to higher ed and would be happy to do something on that side again.

I feel like I'm grasping at straws and what I need doesn't exist. And if I leave my full-time job, the liklihood of getting a new one down the line also feels like it will be realistically next to impossible as a 40-something year old with a resume gap at a critical time when AI is changing what this job looks like so rapidly. The idea of having to get ready for a technical interview is also truly terrifying because life circumstances with my family basically leave me negative extra time to study/practice.",advice_request,,yes,,"The poster describes a specific situation and asks 'What are realistic options for me?' — seeking actionable guidance on part-time/flexible SWE roles, contract work viability, and career strategy to resolve their work-life balance crisis."
"Too young for promotion
Hey all,

I recently got a promotion for a large management role in my field. Everyone has said I’m too young. I feel like I can mange the position but I do know that it will be a challenge. There was another candidate that had more experience and several people have told me they should’ve gotten the job over me. Any suggestions in feeling comfortable in this new position? Or advice on what to say when people say I’m too young and lack experience? I can’t change how old I am. I have sufficient experience for my age. Should I not have taken the role? One of my coworkers suggested that.",advice_request,,yes,,"The poster explicitly asks for actionable guidance on two fronts: how to feel comfortable in the new role and what to say to critics, with an underlying question about whether accepting the position was the right decision."
"Active job-seekers, how’s networking going for you?
I’m reaching out to 1st degree LinkedIn contacts, and also sending personalized connection requests to 2nd/3rd degree connections, but the response rate is close to zero. Some of these are folks I have helped in the past, some I connected through social events, some I don’t really know - I might have connected randomly. I think my pitch is decent - I am asking to chat about their career/experience at the company/role etc. I am not active on LinkedIn but my profile is legit with regular comments, company email verified, recommendations, etc. I’m curious how others are approaching networking and what tactics are working for you.",advice_request,,yes,,The poster describes their networking situation and explicitly asks for actionable tactics ('how others are approaching networking and what tactics are working for you') to improve their low response rate—seeking community recommendations to resolve their job-search challenge.
"Approaching application #300. Shooting my shot here instead ... women in tech, what finally got you your first break?
Hi everyone,

I'm a recent Boston University graduate with degrees in Data Science and Psychology and a minor in Business Administration.

I've had experience in research, industry internships, technical project management, analytics, AI, and data science. I'm now approaching my 300th application and honestly trying to figure out what I'm missing.

I've tried LinkedIn networking, cold emailing, alumni outreach, recruiters, career fairs, referrals, and more resume revisions than I'd like to admit. It feels like every entry-level role wants someone with years of experience, and I'm struggling to figure out where I fit.

I've mainly been targeting roles in analytics, business intelligence, product analytics, strategy & operations, product operations, and AI-related work.

For those of you who successfully broke into tech or corporate roles:

• What finally worked?

• What mistakes were you making early on?

• Were there job titles or industries you hadn't considered?

• If you were graduating in today's market, what would you focus on?

And if anyone is willing to take a look at my resume or share some honest advice, I'd really appreciate it. This is me attempting to network/shoot my shot instead of submitting application #300 and hoping for the best 😭

Also, if your company happens to be hiring entry-level Business Analysts, Data Analysts, Data Engineers, or similar roles, I'd love to hear about them.

Thank you!",advice_request,,yes,,"The poster has a clear, actionable question about what strategies work for breaking into tech roles, seeking specific guidance on mistakes to avoid and alternative approaches to try, with an explicit ask for resume feedback and job leads."
"Help evaluate family leave culture
Hey, I'm seriously considering starting a family within the next couple of years and am currently looking to change jobs. My current employer actually has pretty decent parental leave and family sick policy.

My prospective employer has no family leave, or family sick time. All sick time and vacation time are all under the same bucket of PTO. Objectively worse.

However I am genuinely excited about the role and think it could be a great opportunity for my career. And I got great vibes When talking to the team. A lot of parents w young kids who understand daycare needs who also vouch that the company is supportive when unplanned activities/emergencies come up etc.

From speaking w other women in tech, I've consistently heard that having a supportive team where support comes from the top matters exponentially more than the PTO on paper. Im honestly not worried about the first 3-4 months. I know that is a temporary amount of time, and i have savings to cover it. I worry about everything that comes after.

While my current employer does have better benefits, I know a lot of new parents have all found themselves struggling and barely keeping their heads above water despite the good leave policy. I suppose I could read that in 1 of 2 ways. Either that my current employer doesn't back up their leave policy with the same level of support from management, or that having kids will be impossible to manage with a worse family PTO policy.

But not having any kids yet, I have found this really difficult to evaluate on how this could impact a life i do not have yet and know nothing about other than from stories and observations from my peers. I have a really supportive partner who also has a similar PTO policy of my prospective employer. So neither of us will have great benefits in this particular space.

I am coming to reddit to ask what you have all found to be most important when having kids when it comes to corporate policy/culture. What is something you wish you knew before you had kids? After having kids, what would you consider dealbreakers from a company?

Thanks!!",advice_request,,yes,,"The poster describes a specific decision dilemma (job change with worse leave benefits) and explicitly requests guidance on what matters most when evaluating family-friendly policies, what they should have known beforehand, and what constitutes dealbreakers—actionable questions the community can answer to inform their decision."
"Looking to befriend/connect with my fellow women in tech!
I (25F) have been working as a fullstack dev as my first role right after graduation for about 10 months now, all remotely. I realise this has hurt my career progression more than ever because it’s making it hard for me to find other people I can connect with and grow together. The heavily AI-driven workflow in my company has made it very hard not to offload my thinking to AI agents, thus I have been feeling stuck in my learning/progress for months. I feel like if I get to know and connect with more people working in the same industry then that would help me expand my knowledge at least. I work in an incredibly small team so my network for now stays small as well. I’m thinking of going to conferences or local tech events but there aren’t many (if any) in my area.

I know this probably could’ve been a linkedin post but I don’t want to sound too formal or ‘corporate-y’ either. I’m just looking for fellow women in tech that I can share my journey with and hopefully opens up more doors of opportunities! Thank you for reading this far <3",advice_request,,yes,,"The poster describes their isolation and learning stagnation, and implicitly requests guidance on how to build meaningful professional connections when local events are unavailable—seeking actionable strategies the community can recommend."
"Seeking Guidance: Navigating the Coding Jungle – Need Help, Resources, and Job Tips!
Hey awesome coding community,

I'm on a journey to master the coding universe, and I could use some guidance from the seasoned pros out there.

I'm currently juggling a full-time job and studying, and it feels like I'm navigating a dense forest of code with a dim flashlight. 🌲💻 The struggle is real, and I'm reaching out to you for a little help.

Study Resources: Any recommendations for solid resources to sharpen my coding skills? Whether it's online courses, books, or tutorials – I'm all ears. I'm currently in 100Devs so it's helping that I have time where I can go at my own pace as well.

Study Strategies: How do you manage your time effectively when balancing work and study? Tips, tricks, and personal experiences are more than welcome.

Job Landing Tips: For those who've successfully made it to the other side and landed a coding job, what advice do you have for a fellow coder in the trenches? Resume tips, interview strategies – spill the beans!

Networking: How do you effectively network in the tech industry? Any platforms, events, or communities that have been particularly helpful for making connections?

I believe in the power of community, and I know there are valuable insights out there waiting to be shared. So, fellow coders, help a lady out! Let's turn this coding journey into a collaborative adventure. 🤝💡

Thanks a bunch! 🙌🏾",advice_request,,yes,,"The poster describes their specific situation (juggling work and study) and asks multiple concrete, answerable questions about what they should do: study resources, time management strategies, job search tactics, and networking approaches—all seeking actionable guidance to advance their coding career."
"
Guessing given the environment that it wouldn’t be realistic to ask for technical work in the programs you manage?
Maybe with the excuse “to see what it’s like on the front lines” or “help out when/where I can for maybe small items no one else has time for.” (Of course that last quote may be a bad idea for getting yuck work dumped on you.)",advice_request,,yes,,"The poster is asking whether it would be realistic to request technical work in their management role, seeking guidance on whether and how to approach this situation with their team."
"Document document document. This is the key to life. Keep a journal (paper or not your work machine) of every time this happens. Document everything you know about it: who was there, when it happened, what happened there. HR (and legal teams) have a fetish for the written word. The more details you have the more seriously you will be taken.

“They won’t let me into their friend group” sounds immature. Instead:

“On 4/3, 5/21, and 6/17 my manager treated the male members of my team, specifically Bob, James, and Andrew to dinners at Lawry’s. Bob said that this was paid for with the company card (information I am unable to independently verify.). At these dinners, the matters related to the Wallys Project were discussed. One of these matters were requirements related to an API feature. That matter was never documented in any way accessible to me. Thus when I did not include it when designing the related reports, my design was rejected in favor of Andrew’s which included all requirements. The impact of this was lost opportunities to show leadership and advancement.”",sharing_resource_or_info,,yes,,"The poster provides actionable advice and a concrete example framework for others facing workplace discrimination, directed outward to teach a strategy rather than seeking personal guidance."
"Did you see the new study on remote work?
And how it makes mental health worse?

It made me cringe and I know other people are cringing because it doesn't feel like it is quite on point. I had to dive deep into it because these studies always seem to piss me off. Why? THey forget that there are a lot of reasons for people to NEED to work from home. Women in particular (hello caregiver role, hello default parent. hello 90 minute commute - one way).

So, instead of getting riled up without the facts, I decided to read the actual study. And here's what the study actually says. The effect is entirely concentrated in people living alone. Yup. It's not across the board. And on top of that, the effect is still subclinical for moderate psychological distress. That means that while it has a statistically significant increase, it doesn't actually show that clinically people are worse off.

And now, I'm more riled up about it because the results are being misrepresented in the news and only one line typically askes leaders to hold off changing anything. I wanted to make sure you all had the information before your CEO tries to use it to justify RTO.

Note: I've noticed that I wasn't fully clear in my post based on a few comments (Thank you for the push). I'm really mostly annoyed that this study overclaimed what the the data they gathered said about remote work, and this commentary could be used to make decisions that impact a lot of different population of people without understanding the actual details of the study or the results implications. Several people used the word nuance and that is exactly what is missing in this study - nuance. If you look through the study and what it accounted for, they tried to rule out a few things, but the way they did it isn't very nuanced. (aka they used COVID deaths in an area as a correlation for whether COVID might have had an impact on mental health outcomes in an area). And unfortunately, what I took from looking closer at the data is that the study uncovered what has actually degraded - our communities and third places.

Also, a few people accurately pushed me on the caregiving example. (Thank you for the push too!) Two things on this part that I think are important to say. First, I'm not suggesting that caregivers should be doing both the full-time role of caregiving and working simultaneously. More that being remote makes things like being home in time for picking up children or running a parent to a doctor's appointment without having to take a full day off. It can make some parts of this role a bit easier to juggle. Second, I completely agree that we have two tensions when we use women in this context. One tension is that we are continuing the same commentary that we want to solve and the other is that it is also the reality of many women. I didn't intend to continue the commentary that we need to shift away from from using these as examples.

My goal was to inform about the study and what's actually under the surface of even its own conclusion.

_____________________________________________________________

Here's the some sources

The study: https://www.science.org/doi/10.1126/science.aec7671

NPR: https://www.npr.org/2026/06/08/nx-s1-5848125/remote-work-mental-health-isolation

CBS News: https://www.cbsnews.com/news/remote-work-job-isolation-mental-health/

Inc: https://www.inc.com/bruce-crumley/remote-work-is-causing-a-silent-mental-health-crisis-here-is-why-forced-rto-wont-fix-it/91358978

- at least they have a caution to leaders in the first paragraph.

Entrepreneur: https://www.entrepreneur.com/business-news/research-says-there-are-unexpected-downsides-to-working-from-home

I know a few others have written on it (Wall Street Journal).",sharing_resource_or_info,,yes,,"The poster's explicit goal is to inform the community about what a study actually says versus how it's being misrepresented in news coverage, providing analysis and sources for others to use in conversations with their leadership, rather than seeking personal advice or processing a personal problem."
"Laws of Power
So I read the 48 laws of power a few years ago and it changed so much about how i approach work. The unabridged version is fascinating because the author uses a ton of curated examples from across many periods in history to illustrate the applications - and reversals of - the laws.

The one I violate often - and what I pick up from this sub a lot - is…for better or worse…’Never outshine the master.’ It has smoked me more than once. I thought I was making my boss look good. I’d give him my shit just to keep him as a shield and he would happily represent it as his own. But the moment it became clear that I was below where I should be he started to become a dick.

So for those of us who struggle with office politics…it’s a worthwhile read.",sharing_resource_or_info,,yes,,"The poster is recommending a book and sharing an analysis of how one of its principles applies to workplace dynamics, offering this insight as valuable knowledge for others in similar situations rather than seeking advice for their own dilemma."
"Women in IT aged 50+
I often read that there are relatively few women in IT, which is well known. But what about women aged 50+ in the field? Do they tend to stay in IT, or do they more often switch careers?",sharing_resource_or_info,,yes,,"The poster is asking an analytical question about patterns and trends in the demographic of older women in IT, seeking information or discussion about a broader phenomenon rather than advice on their own situation."
"I'm an IC not a manager, but just started a new job a month or 2 ago after a 2.5 year break following my previous toxic job. A few things that I remember from my job search period:

* Referrals from people that I had a positive working relationship with was definitely the highest success rate/ highest quality leads by far. I did have 2 very promising final rounds from this that I didn't get an offer for, so not a guarantee, but I did get my current job this way. So if you could get a few of these in the pipeline the odds are probably quite high.

* Low success rate for me with external recruiters, but occasionally would get a unicorn that would somehow get me in the loop with 2-3 solid companies quickly. Not sure if this would be better or worse with management roles though.

* Pretty much every interview regardless of the company involved a lot more questions related to AI than any job search period I'd previously experienced, so be prepared for this",sharing_resource_or_info,,yes,,"The poster shares lessons learned from their recent job search experience and offers practical insights (referral success rates, recruiter effectiveness, AI interview prep) directed at others navigating similar situations, without requesting personal advice or external action."
"I would respond to feedback with “thank you for the feedback” and not “I already do that” personally

6 months in is way too early to pursue a promotion when you’re being actively told you need more domain knowledge.

The criteria for promotion sounds like domain knowledge and then general humility and team dynamics which requires more time in the role

You are doing well, keep doing what you’re doing but try to work on some team wins so your people accept you and would respect your promotion

Getting promoted too early makes you a target if you didn’t do foundational work in getting to know the team and establishing yourself as not just knowledge but reasonable and responsible",sharing_resource_or_info,,yes,,"The poster is offering actionable advice and perspective to someone else about promotion readiness and professional development, delivering guidance rather than seeking it for themselves."
"Act grateful for every comment and ask for more, always (aw thank you for trying, honey)

Punish every half-thought out comment with public humiliation in the PR or the team chats. Not with spite just with emotionally neutral pursuit of perfection.

Become the most brutal enforcer of coding standards within the org

This is how I got my team to surrender control of entire repos to me while being terrified of even reading my code.",sharing_resource_or_info,,yes,,"The poster is sharing tactics and strategies they've used successfully, framed as advice directed outward to others who might employ similar approaches to gain influence and control in their organizations."
"
Solving a leet code styled problem during interviews is different from solving it at home during practices. The pressure gets to you, and it’s difficult to anticipate what the interviewer was looking for.

Some interviewers had specific solutions in mind and would interrupt you when things weren’t going the way they preferred, which can add to the stress for interviewees. Some interviewers may be too hands off and not providing enough feedback, and let interviewee spent too much time down the wrong path.

Sure we can practice the hell out of it, but without real interviews, it’s difficult to know how we will perform.

Focus on figuring out what you can improve from this experience instead of blaming yourself for things you didn’t anticipate or things outside of your control (such as being nervous under pressure). Believe in yourself and that you will do better next time.",sharing_resource_or_info,,yes,,"The poster shares observations about interview dynamics and offers advice/perspective directed at others facing similar situations, rather than seeking guidance for their own specific problem."
"
Before the interviewing bit, getting your resume shortlisted is important.

Alter the resume to the role you are applying for, ensure the skills that match the job description the best are highlighted

Try getting a referral

Network as much as you can in your capacity

Keep your LinkedIn active",sharing_resource_or_info,,yes,,"The poster is providing actionable tips and advice to others about resume optimization and job-seeking strategy, not requesting guidance for their own situation."
"This is a good read: https://www.mindprison.cc/p/verifier-loops-made-ai-coding-useful-vibeware-abandonware-technical-debt-consequences?utm_campaign=post&utm_medium=web

I think sooner than later companies will be hit with massive bills, it’s already starting to happen from what I’ve seen.

It will soon be more cost-effective to hire a human that can get it done correctly than burn through tokens using spaghetti at the wall prompts.

I suspect/hope that in the coming years there will be openings for devs to fix the slop code and cut back on token usage by, well, you know, actually programming

I’m not an expert on the subject though - it just seems like the costs will skyrocket once LLMs stop being subsidized by VC and passing on the buck",sharing_resource_or_info,,yes,,"The poster shares an article link and analysis about AI coding costs and future hiring trends directed at the community as insight, not seeking personal advice or action from readers."
"Got promoted
Just wanted to share something positive here - I got promoted! I'm a designer, and I was able to negotiate a promotion to senior designer and a big raise this year.

It's the first time I've ever had to really fight for my worth like that. This is my first tech job, and for whatever reason there has been a lot more of the prove-yourself-constantly vibe in tech than any other job I have worked in. Maybe this is true across the field, what do you think? It's been many frank conversations with HR and management, lots of politics, and carefully selecting impactful projects. I tried to pick projects that impacted not just my department, but as many departments as possible to extend my impact and visibility as far as I could. That was what I was told put it over the top for me and made it happen.

As women, people in the corporate world really underestimate our skills and experience almost by default. It was difficult and hard-won for me to get people to listen when I said I could take big projects on. I had to convince them I could handle things they automatically assumed would be too much. I proved them wrong and it feels amazing!

Another thing I'm proud of is that I got this bump *without* ""embracing"" AI as a designer. I'm not 100% opposed to using it in general, but I don't generate any of the creative work I make, and that is really important to me in terms of my own values. Instead I found other ways to dramatically improve efficiency in the design pipelines I dropped into when I was hired. Soft skills like improving communication between departments, and hard skills like seeing what work actually could be eliminated without detriment to the product, still go far in this day and age.

Anyway, hopefully this can be a little boost for somebody who's trying to get to that next step. It's hard but it's possible, and it seems like you gotta fight for it to get there.",sharing_resource_or_info,,yes,,"The poster is sharing a success story with embedded lessons (project selection, visibility, efficiency improvements, values-based choices) directed outward to others facing similar promotion challenges, framed explicitly as encouragement and guidance for the community."
"After a 4 year search, I landed a new job!
I had been with my last company for 6 years up until this last month and by year 2 I had a very clear picture that I couldn't stay there forever. I was silently looking for the last 4 years and this week I started at a new company and it is night and day. The culture is the complete opposite (in a good way), the diversity is high, the company is growing, and my experience is being valued right out of the gate.

All this to say that if you are struggling to find work or a new gig, I know it is tough right now, but it can happen. To all my ladies here please keep valuing yourselves and pushing for better!",sharing_resource_or_info,,yes,,"The poster shares their successful job search journey and offers encouragement and implicit advice to others ('keep valuing yourselves and pushing for better'), addressing the community rather than seeking guidance for their own situation."
"Scam Jobs are getting too real. here's what to do if you came across one
I came across a post on linkedin, that someone accepted a job offer, completed onboarding, and handed over their banking information. The job never existed.

This is not a story about someone being careless. It's a story about how scary these scams have gotten.

Job scam losses were reported to be around $752 million in 2025. The FTC received 31,000 reports in the first three months of 2026 alone. The newer ones have polished websites, real recruiter profiles, multiple interview rounds, and full onboarding paperwork. Some now use deepfake video calls to impersonate actual executives.

One Bay Area professional lost $176,000 to a fake offer built entirely on AI-generated communications...

The one thing worth memorizing: a real job pays you. You never pay a job. If any opportunity asks you to deposit money to earn money, it's a scam. Every time.

No exceptions!

Before you trust any offer, check these:
- Did you find the recruiter independently, not through the contact info they sent you?
- Does the email domain exactly match the company's real website?
- Is the role listed on the company's own careers page?
- Have you been asked to pay for anything upfront?
- Are you being pressured to decide fast?

If you spot a fake listing: Report it at ReportFraud.ftc.gov and share the URL when you post about it publicly. That link is how investigators find patterns and shut operations down. Don't just screenshot it. Report it.

If you already handed over the following information below, move now!
- Banking details: Call your bank immediately and ask about reversing transactions. Speed is everything here.
- Social Security number or ID: Freeze your credit with all three bureaus, Equifax, Experian, and TransUnion, today. Then place a fraud alert.
- Personal documents: Go to IdentityTheft.gov. They will walk you through a personalized recovery plan step by step.

If this happened to you, you are not naive. These operations are run by people who do this full time, and they are very scary good at it.",sharing_resource_or_info,,yes,,"The poster provides actionable information, warning signs, and steps for readers to protect themselves or recover from job scams—the content is addressed outward as guidance for others, not a request for help with the poster's own situation."
"You can actually locally host models on your own system from a place called hugging face, using programs like Jan AI or Ollama! It's all free and open source. You do need a decent spec'd system with a decent GPU to run some of the models however! ☝️ Though there are lighter weight models as well for lower end hardware if you need something in a pinch. I personally recommend Llama for most general tasks, especially for what your looking for. I am a computer science major, so feel free to ask us! 😊",sharing_resource_or_info,,yes,,"The poster provides specific technical resources (Hugging Face, Jan AI, Ollama, Llama) and guidance directed outward to help others locally host AI models, rather than seeking advice for their own situation."
"or AI models I'd recommend learning the basics. Here are some resources that Chat GPT itself suggested.

Before diving into specific tools, it helps to understand AI fundamentals. These free resources are a great start:

Elements of AI (University of Helsinki) – https://www.elementsofai.com/

Google’s AI for Everyone (Andrew Ng on Coursera) – https://www.coursera.org/learn/ai-for-everyone

Fast.ai Practical Deep Learning – https://course.fast.ai/

A college friend of mine also shared some rather awesome resources if you want!

Here's his insights: I would also highly recommend looking into researching the terms ""Genetic Algorithm"", ""Wisdom of Crowds"", ""Wisdom of Artificial Crowds"", and ""Swarm Intelligence"". You should be able to find blog articles from developers and even noted PhD experts who have composted blog posts detailing composition of these programs and abstract concepts. I would also like to advise you that so much of Artificial Intelligence (and perhaps other fields, such as Machine Learning and Reinforcement Learning broadly) is largely rooted if not heavily inspired by biological observations, hence the previous terms I mentioned being found in Darwinian evolution and the natural world of the Animal Kingdom. If you have spare time to research on Google Scholar or anywhere else, don't be too shy to read some biology papers on psychological trends of animal behavior in crowds and as individual organisms.

Finally for my piece of Advice, when using applications like JanAI, it has what is known as a system prompt. It's main purpose is to help fine tune and give specific instructions for the AI model to better serve your interests as well as keeping on track. The more specific your instructions, the better focus you will have for your intentions. Be fully intentional with AI.

Sorry for the information overload but I hope any of this helps you! ☺️😊",sharing_resource_or_info,,yes,yes,
"Alex Xu’s book is a good start. If you are prepping for interviews, also checkout YouTube content on sys design for manga companies. Companies generally publish white papers on the designs they follow.",sharing_resource_or_info,,yes,,"The poster provides specific, actionable resources (a book, YouTube content, company white papers) directed at others preparing for interviews, offering value without requesting anything for themselves."
"TBH I haven’t actually thought much about upscaling outside of things my job is literally paying me to learn.

Most recent examples:

When I got my current job they were using graphql (we still are just barely) so I read. Book on graphql.

We have been implementing some chatbot stuff over the last year, I actually did the brilliant course on LLMs.

We used to (and like graphql still minimally) use a framework called tornado. I mostly read its source code because documentation left something to be desired.

I do personally without this goal tend to accidentally learn a lot of things. I watch a lot of financial analysis channels on YouTube and because tech stocked do ridiculous things they spend a lot of time talking about the actually facts and mechanics behind a lot of big tech stuff. I also just like algorithms so I read about them for fun.

I don’t know if I’ve ever learned a framework for an interview. I don’t expect someone to already know a language or framework before I hire them so I don’t expect others to want that either.

Early in my career I used coursera a lot. And I would learn stuff I was interested in like how genetics analysis is done which teaches you about scaling code. Or how Scala was written which teaches you about how recursion actually works.

But here’s the thing tech is a field where if you are interested in it you sort of accidentally learn a lot of things. And most things you need on the job you can fake/google.

My first job ever in tech was in Python. I had never written Python before that. I spent 6 months Google how to translate Ruby code into Python. I wrote Django for over a year before I figured out how it worked by copying examples and slightly editing them.",sharing_resource_or_info,,yes,,"The poster is sharing their personal philosophy and approach to learning in tech, offering implicit advice to others that continuous learning happens naturally through interest and job demands rather than forced studying, with concrete examples that serve as a resource for how to think about skill development."
"Hi all! Here is a great page for finding and sharing resources, events and opportunities in the tech space: https://www.facebook.com/groups/1626767724362925/",sharing_resource_or_info,,yes,yes,
"I block my calendar and schedule focus time like it’s my full-time job. Hybrid or WFH, and if that’s not possible, I book meeting or closed office rooms all day. Slippers and my favourite tea at work, I work around my communication difficulties. If you’ve accrued enough PTO, moving to a 4 day work week for at least part of the year can be great for the mental.

I don’t ask for accommodations because of the current political environment, but I have a good relationship with my boss where I’ve established my work style and found a good communication system.

I also use captions on videos, use TTS/STT, record meetings or use the transcription function on videos (Gemini for Google meet).

I wear what’s comfortable and keep a change of clothes for meetings. I show up early to work events and leave early. I pick and choose my moments to mask.

Most importantly, I work at 80% and tell them it’s 100% so I never go over my limit. That’s the golden rule. I automate shit that I don’t tell anyone about so I can save myself some downtime to breathe and decompress.",sharing_resource_or_info,,yes,,"The poster is sharing concrete strategies and coping mechanisms for managing neurodivergence in tech, addressing an implicit audience seeking similar solutions rather than requesting personal guidance."
"You could try r/Neurodivergent or r/neurodiversity

I'm in a lot of Disability groups where advice is shared but they're mostly location-based.",sharing_resource_or_info,,yes,,"The poster is offering subreddit and community recommendations to help someone find appropriate spaces, directed outward as a helpful suggestion rather than seeking guidance for themselves."
"Hi, also a fellow AuDHD and empathise with the struggle. Tech has gotten more pressured it feels recently (and maybe work in general too) and yeah what used to work for me isn't cutting it as much anymore either.

Some accommodations I've asked for and find super helpful:
- making some company wide meetings optional - had to go through HR for this (YMMV as HR is not always helpful!!)
- turning on focus mode religiously
- giving myself 30 min blocks in the morning and at end of day to boot up and wind down
- definitely only push to around 80% as someone else mentioned before (definitely easier said than done but this has been big in preventing or atleast slowing down burn out)
- making very clear step by step plans for each micro-decision. I feel anxious with ambiguity so I've started to just call that out mentally and then out to the wider team as well. It stops me getting stuck or getting too bogged down in a particular area.
- pacing myself and also finding things outside of work to focus on. I find I can obsess over work a lot especially if I feel there are lots of ""loose threads"" (i.e. high pressure, endless requirements, high ambiguity etc...). Having things to remind me that work is just work and I'm more than my productivity is really helpful.

if you find any tips that work well for you, would love to know too :)",sharing_resource_or_info,,yes,,"The poster is supplying concrete, actionable accommodations and strategies they've found helpful for others in similar situations, addressed outward with an invitation for reciprocal sharing rather than seeking advice for their own decision."
"I've asked for accommodations and been on short term disability for mental health.

I don't know of any communities but I'm happy to answer questions!

In short:

check your short term disability or FMLA requirements. There's probably a form you need to download and have a doctor fill out. The form is a pain so be prepared to basically tell your doctor what you want on it (how long the leave is, what is preventing you from fulfilling your work duties, whether you'll need accommodations after you return...etc.)

submit the form over email or the portal or however they tell you and give no more information than what is on the form!!! You don't have to and HR is not your friend. Same goes for your boss and coworkers. You're just out sick and that's all they need to know.

I had an app that gave me a bunch of info while I was on leave. Hopefully they have something like that at your company. Either way, be sure you have your dates and paperwork in order.

rest and recover!

It's pretty much the same process for accommodations.

Best of luck and feel free to ask questions! It's a simple process with a lot of annoying forms lol.",sharing_resource_or_info,,yes,,"The poster is supplying step-by-step guidance, practical tips, and procedural information about short-term disability and accommodations directed at the broader community, not seeking advice for their own situation."
"IMO so-called neurodivergent people are far more normal and reasonable than all those a-holes playing music and having outloud conference calls around anyone trying to write code or do intricate tasks.   If they won't give you quiet places to concentrate, do not feel guilty, do not slap a label on yourself thar is basically a criticism, and change jobs, work from home, or quit.  YOU are likely not the problem here.",sharing_resource_or_info,,yes,,"The poster is offering perspective and advice directed outward to others in similar situations, framing it as information about workplace norms and validating reader experiences rather than seeking guidance for their own dilemma."
"I suggest writing.

I have been working on a series of articles that I noticed I couldn’t find on topics of my expertise. As you write, you’ll have to research and as you research, you’ll learn new tech. I am working on a sort of “AI: how did we get here” but aimed at leaders because they read content different than hands on keyboard technical folks. As part of my research, I’ve got a whole long list of the tech I’ve been using and what the AI feature is they claim to have. As I compare the products, I can see trends in how they’re made and what tech is used BUT I can also tie it to buzzwords or advertising language so people can actually understand.

What you (we) have that people we manage don’t have is a high-level understanding of architecture, the context as to why the old way started but why it doesn’t work now—and I can tie it to trends, revenue, users, etc. Writing has helped me understand how much I know but also better clarify what I don’t know and whether I even need to.

ETA: writing will also position you as an expert for advancing to the roles you’re aiming for in the future. And we already know that as women, we have to prove we can do it harder than men. As you write/publish, more women will see you and you’ll grow your network of women in the roles you’re in.",sharing_resource_or_info,,yes,,"The poster is offering advice and a resource (writing as a practice) directed at the community, explaining its benefits for learning, expertise positioning, and networking—not seeking guidance for their own situation."
"Here’s the recorded part of the call. Hopefully it lifts your spirits, helps you feel less alone, and/or gives you new and helpful info. https://youtu.be/5pTMp3ukwm8?si=ZJH1k7m13bI9dt5Z",sharing_resource_or_info,,yes,,"The poster is sharing a resource (a recorded call/video) directed outward to others for their benefit, explicitly stating it aims to lift spirits, reduce isolation, and provide helpful information—not requesting personal advice or action external to the discussion."
"You shouldn’t have to spend money to land a job. Here are free and affordable resources that remove real barriers.
You shouldn’t have to spend money to land a job.

From interview clothes to childcare, transportation to resume coaching—these programs are built to help you job search without going broke. These are resources that support equity, dignity, and opportunity.

Need help getting to interviews or a new job?
Lyft Jobs Access Program
Free or discounted rides to interviews, job training, or your first days at a new job—available via nonprofit partnerships like United Way, Goodwill, and others.
👉 https://www.lyft.com/lyftup/jobs-access

Ride United or Local Transit Subsidies
Some local governments or workforce programs offer free ride vouchers, bus passes, or even mileage reimbursements for jobseekers.
Example: ETAP Program in California or city-level “Ride to Work” programs.

Don’t have interview clothes?
Dress for Success (for women)
Offers free interview and professional clothing, career coaching, and job retention support. Many local chapters also host hiring fairs and training sessions.
👉 https://www.dressforsuccess.org

Career Gear (for men)
Provides business attire and mentorship for job interviews, especially for low-income men, veterans, and returning citizens.
👉 https://www.careergear.org

Buy Nothing Groups
Join a local Buy Nothing group (via Facebook or their app) and request donated suits, shoes, or workwear. It’s all free and community-powered.
👉 https://www.buynothingproject.org

No laptop, tech, or quiet space for interviews?
Public Libraries
Free access to computers, internet, printers, and quiet rooms for video interviews or job applications. Some even offer job search help or career navigators.
- Search “public library + your city”

CareerOneStop’s American Job Centers
Walk into a local job center and access computers, training programs, workshops, and even in-person resume help.
👉 https://www.careeronestop.org/LocalHelp/AmericanJobCenters/

Need childcare while job searching or training?
YMCA
Many YMCAs offer short-term childcare while parents use their facilities for job searching, working out, or attending classes. Ask about day passes.
👉 https://www.ymca.org/find-your-y

Boys & Girls Clubs of America
Affordable after-school care and some drop-off options for working parents or those attending training.
👉 https://www.bgca.org

Working Connections / WorkSource (by state)
State-funded childcare subsidy programs for jobseekers or low-income parents entering job training or new jobs.
- Google “Working Connections + [your state]”
- Google “WorkSource + [your state]”

Need coaching, resume help, or job search strategy?
SkillUp Coalition
Free resume templates, job matching tools, and 1:1 career coaching. Helps you align your skills with in-demand jobs in your area.
👉 https://www.skillup.org/free-career-coaching

Never Search Alone
Join a Job Search Council to get peer support, structure, and accountability in your job hunt. It’s built by jobseekers, for jobseekers.
👉 https://www.neversearchalone.org/

Pay It Forward Coaching
Volunteer professionals offer free or sliding-scale coaching, mock interviews, and resume reviews.
👉 https://payforwardcoaching.com

Upwardly Global
For immigrants, refugees, and asylees in the U.S.—provides career coaching, licensing support, and job matching for professionals restarting their careers.
👉 https://www.upwardlyglobal.org

Goodwill GoodProspects
Resume workshops, computer training, career fairs, and job placement help. Local services vary but are often deeply impactful.
👉 https://www.goodwill.org

Need general tools or training?
CareerOneStop (U.S. Dept of Labor)
One of the most comprehensive federal career sites. Explore jobs, training programs, scholarships, resume tools, and job center locators.
👉 https://www.careeronestop.org

GCFGlobal
Free self-paced tutorials on digital literacy, Microsoft Office, job interview prep, career planning, and more. Perfect if you’re brushing up on skills.
👉 https://edu.gcfglobal.org/en/

80,000 Hours
Ideal for values-driven professionals—offers career planning guides and free 1:1 advising for people who want impact-focused careers.
👉 https://80000hours.org/speak-with-us",sharing_resource_or_info,,yes,,"The post is explicitly designed to supply curated, actionable information and resources to others facing job search barriers, with no request for personal guidance or feedback directed at the poster."
"I would pick up a CCNA study guide and work your way through it, then find a way to build out some lab scenarios and learn how to break them in exciting ways and how to fix them again when you do. It's not really necessary to actually take the test, though since employers like to see it, but building that knowledge base is important. Also work with an LLM like Claude to construct answers to information contained in a specific switch or router command guide, then ask questions about operation or see if you can build out scripts that function well and predictably in your lab environment.",sharing_resource_or_info,,yes,,"The poster is providing actionable guidance and learning recommendations (CCNA study guide, lab scenarios, LLM usage) directed at others as general advice, not responding to a specific personal situation or dilemma."
"If you can swing the cost, CML is worth looking into, but only if you have a fairly hefty lab computer you can dedicate to it. I put mine on an HP 600 G3 ultra small with an i7 and 32gb of ram. You can also use GNS3 for free but you'll have to find a source for Cisco images for the lab if you go that route. Packet Tracer from Cisco is free, requires minimal setup and should allow you to build most of what you'd need for CCNA level knowledge, though.",sharing_resource_or_info,,yes,,"The poster provides technical recommendations and resources (CML, GNS3, Packet Tracer) with specific guidance on hardware requirements and trade-offs, directed at others seeking learning tools rather than requesting advice for their own situation."
"Packet Tracer is available for Mac and should be more than suitable for your needs. The difference is that it simulates the devices rather than emulating them, so you have all of the network devices interacting within one software program, whereas CML and GNS3 emulate routers and switches (among a host of other networking gear) so it behaves exactly like the firmware would in production. That's better to model complex scenarios and chase down bugs in production but that's more necessary at the CCNP level, and something that really shouldn't cross your mind until you have hands on experience with a production network and keeping it running with minimal downtime.",sharing_resource_or_info,,yes,,"The poster is providing technical information and guidance about networking tools (Packet Tracer, CML, GNS3) addressed to someone else's needs, comparing features and offering expertise rather than seeking advice for their own situation."
"47F, senior leader. Spent many years in tech.

Yes, absolutely there is gender bias in tech. And everywhere really. We live in a patriarchy, which by definition centers / favors men, and disadvantages women.

Having worked 20+ years in corporate, I would say it's also a numbers game. As in, one has to keep trying for those promotions. I had to push and push and push to get to my current level. But I made it.

Not trying to minimize your experience or be trite, but offering another possible path forward on this.

I have noticed that at my large multi-national, some people who keep trying eventually succeed. Yes, men do often get promoted earlier based on less merit (hate that), but the women I know who kept pushing did also eventually make it. I think the key is being proactive and overt. Tell your leaders about your career aspirations, grow your skills, apply for jobs at the next level, make strategic lateral moves as needed, ask for promotions as appropriate, etc. At the same time, do not let anyone manipulate you into taking on next level work without an actual promotion (people do this to women more often). I hope anything here may be useful to you. HTH!",sharing_resource_or_info,,yes,,"The poster is offering experiential advice and a strategic framework ('numbers game,' proactive steps) directed outward to help others navigate promotion challenges, rather than seeking guidance for their own situation."
"Don't give up and keep trying. It took me 3 tries to move into management. But also, I don't think not getting the role means you're undervalued. Your manager seemed to be trying to give you kudos while sharing the news.

Unfortunately, there also has to be a business need for another manager for someone to be moved into the role. Did you ask your manager if there is a manager position open? As a manager at a smaller company, I've had to tell reports many times that I think they would be great as a manager but there was no business need for another one. I would try to give them opportunities to exercise their management skills though so they would be ready when the time came. Maybe that's something you can explore with your manager.",sharing_resource_or_info,,yes,,"The poster is offering perspective, reassurance, and actionable insights (asking about business needs, seeking opportunities to develop skills) directed at helping someone else navigate a setback, not seeking guidance for their own situation."
"Figured this would be a good place to share this resource. Has been liked more than 12k times on LinkedIn. Feel free to DM me with any questions, or ask in the thread.

https://www.linkedin.com/pulse/free-emotional-first-aid-kit-use-workor-anywhere-irith-williams-0e1wc?utm_source=share&utm_medium=member_ios&utm_campaign=share_via",sharing_resource_or_info,,yes,,"The poster is explicitly sharing a resource (an article/guide on emotional first aid) with the community for others to use, with an open invitation for questions rather than a personal problem or decision to resolve."
"
Please take the time and invest in speaking with a good employment lawyer on this one. Given the timeline and the very short amount of time you were there's a good chance that they might legally owe you compensation. Document the timeline, have dates and emails/conversations if you have any. What they did to you was clearly horrible and possibly illegal. ",sharing_resource_or_info,,yes,,"The poster is providing actionable advice and guidance (consult an employment lawyer, document evidence) directed outward as information the reader can use, rather than seeking help with their own decision."
"The big thing for me in any job search is to manage my energy and mood.

I do my best to only focus on 1-3 application processes in a given week. I may do additional work to keep unemployment rules happy, but those are rush jobs using AI.

I also try very hard to have 4 hours of leisure and self-care a day, especially early in my job search before I started interviewing. It's counter-intuitive, but I need to be in a good mood and loving life before I talk to a recruiter. I've never gotten a job if I interviewed when I wasn't happy. On top of that, this sets you up to keep sane if the job search goes on for a long time. YMMV - this is what has worked for me.

I've prioritized opportunities largely in this order:

Referrals - much more likely to get me a chance to talk with the recruiter or hiring manager, at the very least. I get these referrals by posting on social media with an upbeat take on what happened, an optimistic statement about what I'm looking for, and warm thanks to anyone who can help. I start with people who know me, and then move to supportive communities and networking groups

Recruiters reaching out with good positions that give expected pay up front. This tends to be very seasonal, though

Applications to advertised jobs that sound good - I've been having almost no luck with cold applications for years now, though, and I've done three (short) job searches in the last four years. However, we miss 100% of the chances we never take - and often, the job market will thaw as fast as it initially chilled. Still, I'd limit energy invested here for now.

Recruiters reaching out with positions that don't sound great or don't include pay up front, but don't sound abusive. I actually got a shockingly good contract this way last year

Professional socializing and networking. Join online and / or in-person professional meetups, organizations, lectures, conferences, and so on. Build relationships that could lead to referrals someday, get new ideas, and feel like you belong to something larger than yourself

I also found it was prudent to spend about two hours a day studying early in my job search, before I really started interviewing. This could be for a desirable technical skill or for a certification. Studying gives me something to talk to recruiters and interviewers about, plus reduces the risk of a long job search leaving me too rusty to pass an interview. It's also an investment in my future career, so my time between jobs actually accelerates my career, rather than slowing it. Also, this time turns naturally into interview preparation time once there are interviews on the books.

Four hours of self-care / leisure plus two hours of studying only leaves two more hours for applying to jobs - and in my experience, this is usually the right balance. However, this is a rule of thumb for me. If your intuition doesn't agree, trust yourself!

There's a tendency to glorify large volumes of applications, but my experience has been that investing in my health and mood and my learning pays off better than investing in the long tail of applications - especially in this era where cold applications (where you don't have a referral and the recruiter didn't reach out to you) just don't tend to get responses.

This is all my experience. I've been laid off twice and had a contract end (after multiple extensions) in the last four years, and my job searches each only lasted 1-3 months - so I do think it's a valuable perspective. Oh, and the three months was because I was doing fine financially and had planned for the break and was intentionally taking my job search slow to relax and to get a job that would be a fit for several years. I think it worked - I love the job I started last May, and hope to be here for years to come",sharing_resource_or_info,,yes,,"The poster is sharing tested strategies and advice directed at others in job searches, framed as a valuable perspective from their own repeated experience, rather than seeking guidance for their own current situation."
"I'm so sorry you're going through this. I was laid off back in March and I'm not gonna lie to you, it made me fall into a deep depression. First and foremost, make sure you are taking care of your mental health (and physical health too if you can manage that!).

With the way the job market is right now and getting auto rejected left and right, I almost considered leaving the IT industry all together. What I did to help me get out of my funk was I decided to up skill myself with getting certifications specific to my role. Since you have more free time than before, it's the perfect time to hone in on your skills and work towards a tangible goal.

I'm happy to say that after six months of job searching and getting a couple of certs under my belt, I finally landed a role!

So in summary, my tips for you are take care of yourself, figure out what kind of roles you're looking for, and use your free time to up skill. You got this!",sharing_resource_or_info,,yes,,"The poster is offering concrete advice and actionable tips (mental health care, upskilling with certifications, defining target roles) based on their own experience to help others in a similar situation, rather than asking the community for guidance about their own decisions."
"
Honestly? Having a good support system to lean on during hard times like this and time. It's ok to spend a couple of days or weeks to process this and feel sad and angry, it's a big devastating change to go through!

The support system doesn't have to be a financial one (though, it does help a lot), even just having a friend or family member you can vent to makes a worlds a difference. I'd be happy to PM you if you wanna talk more or ask questions! 🙂",sharing_resource_or_info,,yes,,"The poster is offering advice and support to someone else based on their experience, providing information about coping strategies and explicitly offering to help—this is guidance directed outward rather than a request for the poster's own situation."
"The first thing I always do is decide what kind of role I want, then do all the research I can to find out what keywords/concepts they're currently using to review resumes in it.

Generally underlying roles don't actually change all that much once you have a solid grasp of your area - the interface to the system might, but the logic in putting elements together is the same. For some perspective, my partner and I are old nerds, and he has over 50 separate languages under his belt. The truth is that you'll probably need the same macro-sized patterns in everything. However, language and how people conceive of or refer to things does shift, and you should always, always use the latest terminology. You must match them. Brush up your LinkedIn - of course it's dumb as hell, but make sure you've made a post or two about your area to it with those seeded keywords.

While you're in this position, get people willing to speak on your behalf or write references, etc for you. Chances are you won't need them (I've never had a single reference called), but it's useful to have people who speak well about you. Friend them on LinkedIn as well.

You never want your age or sex on a resume if you can at all avoid it. If your name is distinctly feminine, find a short name that isn't. My name happens to be an unusual one for my country and people assume it is male. I get vastly more interviews than obviously female named friends - that's the foot in the door I need. You can always correct your name later if you get hired. No one needs to know what year you got your degree in, if you have one - just note that you have one.

Pick out relevant courses you've done and pop them in. What's that, you haven't done any? Sure you have. Brush up on any recent shifts in your tech on Youtube or anywhere, and bingo, that's the name of your course.

Keep all performance metrics to the last 5 or so years, and attach numbers where possible. You saved X hours of company time. Your products performed 9% more advantageously, etc. Be specific - they will get THIS benefit if they hire you.",sharing_resource_or_info,,yes,,"The poster shares practical, actionable resume and job-search strategies directed at readers seeking career advice, with no request for feedback on their own situation or personal circumstances."
"Let yourself feel all the feelings.

When I was laid off I felt like I had been broken up with. I had my dream remote job with a six figure salary and company car (everything paid - gas, insurance, car washes, maintenance, etc.). I planned to be with that company for as long as they’d have me. Genuinely no intention of ever leaving.

I cried for a week straight and completely dissociated for a month. But it was necessary. I needed to go through the stages of grief 😆",sharing_resource_or_info,,yes,,"The poster shares a personal experience and an insight about processing grief after job loss, framed as wisdom or guidance for others to learn from, rather than seeking advice for their own situation."
"here’s a lot in this sub and others for the hiring process, etc. but as someone who’s been employed for 2 months after being laid off 13 months’ prior — I would tell you to take the part-time gig while you figure out a next step!!!! 

It IS crazy out there, I DO wish you the best and quickest hire, however a couple bucks for a low-stress job where you interact with humans (if you like that) or get paid for contract work (skill set that could go on a resume):  you’ll be happy to a) have some money, b) contribute, and c) force yourself to shower and even get out of the house. I had a PT gig front desk at a spa, nice break from the application process 2-3 days a week. 

Don’t forget you have transferable skills to many industries. Good luck 🤞🏼",sharing_resource_or_info,,yes,,"The poster shares hard-won personal experience and concrete advice directed at others in similar situations, framed as guidance for the community rather than seeking help for their own current dilemma."
"Join a job search council, you can do so for free. Read Never Search Alone to get all the details.


",sharing_resource_or_info,,yes,,"The poster is providing information about a resource (job search council and book) that others can use, rather than seeking advice or promoting a specific external action for the reader to take."
"
Hirecafe has been a good resource recently. Definitely check it out ;)",sharing_resource_or_info,,yes,,"The poster is recommending a resource (Hirecafe) to others in the community as useful information, not requesting advice for themselves or soliciting participation."
I'm so sorry. I started my own company the third time I was laid off. My only piece of advice is to network. I connect with anyone and everyone on LinkedIn and try to engage them for quick coffee chats.,sharing_resource_or_info,,yes,,"The poster is sharing their experience and offering actionable advice (network, use LinkedIn, have coffee chats) directed outward to others in similar situations, rather than asking for guidance about their own decision."
"This happened to me last year. Here are some tips that helped me:

Take time. For most people, trying to jump back in is like starting a car engine with old spark plugs. I would get up, sit at my desk, and couldn’t focus for hours - just to beat myself up for it at the end of the day. I gave myself a short, easy “vacation” of no screens and lots of yoga - it could have been just time healing, but I felt like it was the best thing for how traumatized I was.

Consistency. Make a schedule, set timers, etc. for everything. Not only does time feel a bit different when it lacks the 9-5 work structure, but adding up the little victories will help your self-esteem. I would celebrate things like how many job apps I’ve completed or the number of leetcode problems I’ve solved, and it helped with keeping the motivation alive.

Rely on your friends and family for support. I am lucky enough to have had friends and family that would listen when I complained every. single. day. They knew I was working hard so they didn’t mind, but in hindsight it makes me cringe to think about how much I whined and vented and cried. However, I won’t deny that it was a time I needed it the most, and can’t imagine how things would’ve turned out if I didn’t have them to lean on.

(Most important imho) Ignore everyone. Not only the Negative Nancies and the Debbie Downers - I’m talking about everyone who is not in your situation who has an opinion. At times I dealt with family telling me, “The job market is fucked just move back home with your parents” implying to give up, but for some reason I was equally irritated by those who would tell me “you’ll get a job soon” or “don’t worry just study harder.” I remember feeling a rage - like a “stfu, you have no idea what I’m going through rn” type of anger. For me, cancelling the noise helped me keep focused rather than waste my time being emotional.

Network. Yes, I’m talking about networking at conferences, etc. but I’m also talking about gyms, social groups, the local women’s climbing whatsapp, chatting up a barista at a coffee shop, everywhere. Be annoying about it. I got referrals from my friends I’ve met at hikes, from someone at a festival on a Wednesday that I happened to wander into, and reached out to that one guy I shared a pizza with after river tubing years ago. Don’t give any f*cks. In the end, I got a job when I crashed a friend’s work thing at a pub where I had a beer with one of the execs. If I wasn’t taking chances with diving into random situations I wouldn’t have found the opportunity, and I couldn’t be more grateful that I did.

It’s not going to be easy. It sucks so hard rn. Sending you all the good vibes and support, and good luck. 🍀",sharing_resource_or_info,,yes,,"The poster reflects on their past experience and provides actionable tips and strategies for others facing a similar situation, framed as outward-facing advice rather than a personal request for guidance."
The part on LinkedIn premium! I was always skeptical about this being worth it but it truly made all the difference. I also noticed majority of interviews I got were from recruiters reaching out to me when I had the premium (idk what the deal is but nobody really reached out like that when I wasn’t paying lol),sharing_resource_or_info,,yes,,"The poster is sharing their positive experience with LinkedIn Premium as a resource/tip that others can learn from and apply to their own job search, directed outward as practical advice rather than seeking guidance for their own decision."
"I hope this okay to post, as full disclosure - I work at the company who are funding the scholarship.

Cyberr have a fully funded place for one woman to attend Guild Security’s CybHER bootcamp in August.

It’s totally free to apply, and this is an awesome opportunity to move into an industry I’ve worked in (and thoroughly adore!) for the last 25+ years. 💖

All the deets are in this blog: https://cyberr.ai/blog/you-do-not-need-to-be-perfect-cybher-scholarship",solicitation,,yes,,"The poster is promoting a scholarship opportunity and directing readers to apply via an external link, which is a recruitment action external to the discussion itself."
"Looking for a technical co-founder
BLUF: Looking for a technical co-founder. I’m an operator with domain expertise, working demo, and early customers ready to go. Just need someone who can actually build it.

I’m a Chief of Staff currently based in Tokyo for my day job and I’m in the process of building a startup. Looking for a technical co-founder and wanted to post here because I’d love to find another woman who wants to build something together.

I’ve spent my career living at the intersection of strategy and operations in both government and industry. In gov I worked with fantastic teams - people who genuinely knew how to run high-stakes engagements (travel, events, bilats, etc) for senior leaders at the highest levels. But the information required to coordinate those efforts lived in email threads, spreadsheets, Word docs, PowerPoints, calendar invites, and the individual memory of high performers that disappeared the moment they left.

In industry I saw the opposite. Companies with a million tools and dashboards but no actual operating system for when the CEO does a multi-leg international trip for high profile engagements and deal opportunities. Endless tools to build custom workstreams, but limited domain knowledge on how to actually do it well.

For me, the questions you ask operationally shape good strategy & strong strategy should be driving how you build the logistics. Who actually needs to be in the room, what the physical setup signals about the relationship, what commitments we’re making & with what materials, how much time an engagement really requires… these aren’t logistical afterthoughts, they’re strategic calls. And yet most organizations treat the two as completely separate tracks. The thinkers on one side & the doers on the other. That’s just not how it works. The logistics create the conditions for the strategy to land & the strategy should be shaping the logistics from day one. They’re not two workstreams. They’re one system. And nobody had built the system.

The platform I’m working on connects the substance of a high-stakes engagement (why are we meeting, what does the exec need to know, what’s the relationship history) with the logistics (flights, drivers, interpreters, security, who has the business cards). The part I care most about is this: it’s a teaching tool. The best operators carry invaluable invisible knowledge in their heads - what to prepare, what can go wrong, what a stakeholder expects, what follow-up actually matters. Turning that into something repeatable and scalable is the whole point, because in this world the margin for error is zero and excellence shouldn’t depend on who happens to be in the room.

In my daily job I constantly see how organizations are leaving real outcomes on the table ex: dropped follow-ups, underprepared executives, misaligned teams, and lessons learned that disappear after every engagement. At the bare minimum I’d love to build this tool for myself. If you’ve ever been the connective tissue holding a high-stakes operation together you know the mental load is real. The fact that other people would pay for it is a bonus.

I have the domain expertise, a working demo, and promising conversations with early customers ready to go. What I don’t have is the ability to build the real thing.

I’m looking for a full-stack engineer who has shipped B2B SaaS before, moves fast, and genuinely finds the strategy x ops intersection interesting and gets frustrated when things fall through the cracks. If you’re the person in any room who notices what’s missing before anyone else does, I’d love to connect.

Remote friendly, timezone flexible, and open to discussing working arrangements realistically given we may both have day jobs initially.

Drop a comment or DM me if this resonates and/or if you know someone it might!!",solicitation,"Not advice, rather input or referrals?",yes,,"The poster is actively recruiting a technical co-founder for their startup, explicitly asking readers to apply ('Drop a comment or DM me'), which is an external action the reader should take."
"Seeking Advice or Opportunities – Struggling to Break Into Tech
I'm a Computer Science student currently trying to break into the software engineering industry, and honestly, the job market has been much tougher than I expected. Despite maintaining a strong academic record, building projects, completing internships, practicing DSA, and applying consistently, I've been finding it difficult to get interviews and opportunities.

I wanted to reach out to this community because I've seen how supportive and helpful people here are. If anyone's company is hiring interns, software engineering interns, new graduates, or entry-level developers, I would be incredibly grateful for any guidance, referral, or opportunity to apply.

My background:

B.Tech in Computer Science

Full-Stack Development (MERN)

Data Structures & Algorithms

SQL, DBMS, Operating Systems, Computer Networks

Internship experience in software development

I'm happy to share my resume and any additional information via DM.",solicitation,,yes,,"The poster is explicitly recruiting job opportunities and asking for referrals or applications to companies, requesting readers to take external action (hiring, referrals, or DMing to share resume)."
"DFW: Interested in hosting events
Hi everyone! I’m looking for people in DFW who are interested in hosting tech events, mainly for women!

I would like to co-host some vibecode and AI builder project events here in Dallas and wanted to see if anyone would be interested in collaborating! It’s good networking and earning side hustle. I haven't been able to find many local Claude or Cursor Ambassadors actively hosting events in the DFW area (other than the official team), so I’d love to step into that space and bring the community together. We could apply to get our event sponsored by them or host a successful one before we get our sponsorship/ambassador status.

I would mainly like to host show & tell Mixers: casual spaces for people to demo their side projects, get feedback, and self-promote the things they are building.
We could also do separate interactive sessions dedicated to introducing different populations to building with AI and learning the tech firsthand. If you are passionate about the space and want to team up to organize, plan, or host these, I would love to hear from you! I'm pretty new to organizing but would love to leverage my experience with community building projects and work with creative people.

Please let me know if interested and I’ll shoot you a DM.",solicitation,,yes,,"The poster is recruiting collaborators to co-host events and explicitly asks interested readers to respond so they can be contacted, making this a recruitment/partnership solicitation rather than a request for advice about their own situation."
"Seeking a Technical Co-Founder (CTO) to Build the Future of Healthcare in India 🇮🇳
Hi everyone,


I'm the founder of SleekCare, a healthcare technology startup on a mission to reimagine outpatient care in India.


We are currently at TRL-6 (Technology Readiness Level 6) and are building a privacy-first, doctor-in-the-loop clinical copilot and outpatient operating system designed to help healthcare professionals work more efficiently while maintaining complete control over clinical decisions.


• Why we're hiring a Technical Co-Founder


SleekCare is currently incubated at MNNIT Innovation & Incubation Center and has already secured a small grant. Through the incubation ecosystem, we're getting access to mentors, industry experts, funding opportunities, grants, and potential VC connections.


The opportunity in front of us is significant.


However, to fully capitalize on these opportunities, we need a strong technical leader who can help us accelerate product development, strengthen our MVP, and build a world-class technology foundation.


• Who we're looking for


A Technical Co-Founder / CTO based in India who:


- Has genuine passion for technology and building products.


- Wants to solve meaningful problems in healthcare.


- Is excited about building a startup from an early stage.


-Can contribute to product architecture, engineering, and technical strategy.


- Is comfortable working in a fast-moving environment with uncertainty and ownership.


- Is willing to join on equity, part-payment + equity, or a mutually agreed founder compensation structure.


• What you'll get


- Meaningful founder-level equity.


- Opportunity to shape the product and company from the ground up.


- Access to an active incubation ecosystem, mentors, and funding opportunities.


- A chance to work on a problem that impacts millions of patients and healthcare providers.


- Freedom to build, experiment, and create long-term value.


• About SleekCare


Our vision is simple:


To become India's most trusted outpatient operating system.


We believe healthcare software should adapt to doctors—not force doctors to adapt to software.


If this resonates with you and you're excited about building something ambitious, I'd love to connect.


• Please DM me with:


- A brief introduction


- Technologies you've worked with


- Projects you've built (professional or personal)


- What excites you about joining an early-stage healthcare startup


SleekCare — Practice Reimagined. 🚀


Location: India (Remote) | Stage: TRL-6 | Compensation: Equity / Part Payment + Equity | Industry: Healthcare AI & HealthTech",solicitation,,yes,,"The poster is recruiting for a specific role (Technical Co-Founder/CTO) and explicitly requests readers to take an external action (DM with their information), making this a co-founder search solicitation rather than a discussion or informational post."
"Looking for a Head of Operations & Automation at Lime Tech, the company behind Unraid OS - Fully Remote & Great Benefits!
Hey Women in Tech! We're looking for a hands-on Head of Operations & Automation to help us strengthen the systems, workflows, and automations that support our next stage of growth.

Lime Technology is the company behind Unraid OS, a powerful and flexible operating system used by a deeply engaged global community since 2005. As our product, partnerships, infrastructure, and internal operations continue to evolve, we are looking for someone who can help design the operational systems that keep work moving clearly across teams.

This role sits at the intersection of business operations, product and engineering coordination, AI-enabled automation, and cross-functional communication**.** You’ll help us build practical systems that create clarity, predictable deterministic outcomes, reduce manual coordination, and allow department leaders to stay focused on their highest-value work.

This is a builder role for someone who leads with understanding. Before designing anything, you need to see the full picture: how our team works together, the history behind our current systems, the relationships between departments, and the small details that only surface when you take the time to listen. From the big picture down to the nuances. We're a tight, long-tenured, high-performing team, and we're not looking for someone who shows up with a playbook and expects the team to conform. We need someone who respects what's been built while designing what comes next.",solicitation,,yes,,The post recruits for a specific job opening and calls the community to apply or engage externally with the hiring process.
"Looking to collaborate on a new social media project
Remember how good facebook used to be? It was about keeping in touch with your high school friends, sharing life updates, getting to know people you kind-of-knew but never spoke to properly and realizing they're actually awesome.

Nowadays you wade through a sea of ragebait and algorithmic slop just to maybe get a crumb of the old experience. It's not even a customized feed anymore because algorithms are geared towards what businesses want to show you to mazimize profit.

Reddit was the best thing ever but it's kind of going the same way. There are alternatives but so far they seem nerdy rather than accessible the way old-school social media was.

Yes slopification might be the most profitable route in the current economic conditions. Or maybe it's not. I'm just an engineer so I wouldn't know.

Reaching out here in case there's people with various backgrounds who would enjoy collaborating on this - tech, product, strategy - because I'm tired of the current state of the internet and I have at least some of the skillset to needed to make a difference.

Also I don't want to work with men if I have a choice.

No I don't have a business model in mind and I'm not trying to get rich off it.

Post here if you're interested.",solicitation,,yes,,"The poster is explicitly recruiting collaborators for a new project, asking interested people to respond or contact them—a clear call to action that seeks to initiate an external relationship or partnership."
"Mentorships?
Hi everyone!


I've had mentorships that defined my early career, and some that just didn't quite work out. Either way it's been one of the most meaningful parts of my career so far, for me and I think for the mentors too.


I'm working on building something to help women in STEM find mentors, and I'd be so grateful if you took 5 minutes to fill out this survey.


https://forms.gle/VrLbWH7VEXEjpusx7


And if you'd rather just share your experience in the comments, that's very welcome too :)",solicitation,,yes,,"The poster is requesting readers to take an external action (fill out a survey) to support a product/project they're building, which is the defining characteristic of solicitation."
"This one's for you, ladies,took your recommendation it really helped a lot in making the app more towards perfect. and I tried implementing as many requested features as possible into Anvika. I'd love some honest feedback now.
A few weeks ago, I asked women about their experiences with period tracking apps and what features they actually wanted. I received a lot of helpful responses, and I tried implementing as many requested features as possible into Anvika.

I'd love some honest feedback now.

Please use the app for around 15 days (or even a few minutes of exploring helps) and tell me:

• What's missing?
• What feels unnecessary or overdone?
• Is anything confusing or annoying?
• What would make you keep using it?

I'll genuinely try to improve or fix things based on your reviews.

Join the beta:
anvika

Install on Android:
anvika

I'm just a student developer building this independently, so every suggestion means a lot. Thanks for helping make it better for everyone! 🌸",solicitation,,yes,,"The poster is recruiting users to test and provide feedback on their app, with explicit calls to action (join beta, install on Android), making this a product promotion seeking external engagement rather than a request for personal advice."
"Looking for a Little Support from This Amazing Community
Hi everyone,

I've been a software engineer for a little over 6 years, and I'm currently exploring new remote opportunities as a Senior Software Engineer, Backend Engineer, or AI Engineer.

Over the years, I've worked on:

Python, FastAPI, and Django

TypeScript, React, and Next.js

AWS, Docker, and cloud infrastructure

AI agents, LLM integrations, and workflow automation

APIs, data pipelines, and third-party integrations

I've built products across healthcare, job platforms, and productivity tools, including integrations for Slack and Microsoft Teams.

I'm reaching out here because this community has always felt incredibly supportive, and I know firsthand how meaningful a referral or even a quick lead can be.

If your team is hiring remotely, or if you know of any roles that might be a good fit, I'd truly appreciate your support. I'm happy to share my resume, portfolio, or chat further via DM.

I'm also open to collaborating with fellow women in tech who are working on freelance projects, startups, side hustles, or personal ventures. If you need an extra pair of hands for backend development, AI integrations, or building an MVP, I'd love to connect.

Thank you for lifting each other up and creating space for women in tech to grow. 💜

Location: Open to global remote roles

Portfolio: naazweb.com

— Naazneen",solicitation,,yes,,"The poster is recruiting for job opportunities and freelance collaborations, explicitly requesting referrals, leads, and external actions (applying, DMing, connecting for projects) rather than seeking advice on their own decision or situation."
"Academic] Looking for feedback on a wearable TENS belt for menstrual pain relief (100 responses)
Hi everyone! I am working on a student design project focused on a TENS-based wearable therapeutic belt for menstrual pain relief. The concept is a waist trainer-style belt that may combine gentle electrical stimulation, heat therapy, and adjustable support.

Target Audience: Anyone who is mensurating or has menstruated before.

I created a short survey to understand which features people would find useful, comfortable, affordable, or inconvenient. Your feedback will help us improve the design and determine whether this type of product would actually be helpful in everyday life.

The survey is anonymous and should only take a few minutes to complete:

https://forms.cloud.microsoft/r/XLvkQAPmnL

Thank you so much for your time and honest feedback! Please feel free to share any additional thoughts or experiences in the comments.",solicitation,,yes,,The poster is recruiting survey participants for their research project and explicitly requests readers to take an external action (click the link and complete the survey).
"Hey people of SF, hosting my first event this Sunday :)
Hi! I'm a grad student, and as part of a project on belonging & relocation, my team and I are hosting Spill the Mimosas this Sunday at Dolores Park (1–4pm).

It's a chill, no-pressure picnic specifically for people who recently moved to SF and are looking to meet others who get it. Free. No app. Just mimosas.

If you (or someone you know) just landed in SF — would love to have you.
Comment or DM and I'll send details.",solicitation,,yes,,"The poster is recruiting attendees for an event and explicitly requests action (comment or DM for details), making this an external solicitation despite the friendly, non-commercial framing."
"More Roles :)
Hi 😄

I had an incredible response to my call out for women in tech roles, I have some more here that I want to get busy with - and help you get hired. Message me if you fit and I'll send the full details on each role.

Update: If you’re seeking a role that’s not listed here, please message me so I can let you know the process! I can’t respond appropriately to “let me know if you have role” :) 💕

New York (x 3 roles)

GTM Engineer, Forward Deployed Engineer, Software Engineer (Full-Stack)

Must have experience with TypeScript and Python, and demonstrate a strong passion for building projects.

Preferred candidates have exposure to high-growth tech companies like Figma and Notion.

Role is onsite in New York, with relocation support and visa sponsorship available for the right candidate.

San Francisco

Full Stack Engineer

Full Stack & End-to-End – Design, implement, and operate complete services and user-facing features, from requirements gathering through production support

System Design & Architecture – Develop highly available, event-driven systems for ledgering, compliance, and risk that scale with transaction volume while maintaining zero downtime

Implementation Engineering – Embed with customers, collect feedback, and iterate rapidly to ensure our roadmap aligns with user needs

Technical Decision-Making – Balance speed and long-term scalability, selecting appropriate technologies (Next.js/TypeScript, C#, Go, Python, modern cloud infrastructure) for each problem domain

Let's get em!!",solicitation,,yes,,"The poster is explicitly recruiting for job openings and asking readers to message them to apply for external positions, which is a direct solicitation for action external to the discussion."
"Dynamic employee commute routing system
I'm working on a concept and would love honest feedback

Problem I noticed, in cities like Lahore a large number of employees travel the same routes every day (home → office), but daily commuting is still expensive (Careem, Uber), unreliable (fixed route vans), and not optimized based on actual demand

Idea I'm exploring, a social commuting platform where people don’t directly “book rides” instead they

• Post their daily commute (home → office + timing)

• Discover others traveling on similar routes

• Join or form commuting groups

• Allow drivers or van owners to activate routes based on real demand

Example,

Johar Town → Gulberg (3 people), Township → Gulberg (5 people), Model Town → Gulberg (2 people)

These can merge into a shared commute route like Johar Town → Township → Model Town → Gulberg

Over time, routes form dynamically based on actual commuter demand instead of fixed transport routes

How many people here actually face this problem daily, struggling with commuting costs, time, or unreliable transport

What route do you travel daily, and what issues do you face with it",solicitation,,yes,,"The poster is soliciting feedback and engagement for a concept/product they're developing, asking readers to validate the problem and share personal commuting details to inform their platform design."
"Need a female respondent 35+
I am working on a project where I want to understand perceptions and behaviour related to high-quality web user experiences among technical professionals and developers.

I need 3 candidates:

One from India who works as IT support Engineer or Network Engineer or Security/IT Operations

One from UK who IT support Engineer or Network Engineer or Security/IT Operations

Another from UK who works as Developers / Software Engineers

For 90 mins of their time we are paying 100$ to Indian candidate and 200$ to UK candidates.

Share your interests and get further information on your Linkedin.",solicitation,,yes,,"The poster is recruiting paid research participants for a study, explicitly requesting interested candidates to respond via LinkedIn—an external action external to community discussion."
"Looking to join an early-stage startup as a Software/Security Engineer (Fresh Grad / Final Project Complete)
Hey everyone,

​I’m looking for opportunities as a Junior Software Engineer or Security Engineer, ideally within a startup or a fast-paced engineering team where I can get my hands dirty. I just wrapped up my final project presentation and am ready to start immediately.

​Instead of just dropping a generic resume, I wanted to show what I can actually build. My latest project is a Hybrid Host-Based Intrusion Detection System (HIDS) built completely from scratch.

​What it does:

​Hardware Ingestion: Hooks directly into the kernel layer via Npcap to pull raw packet frames directly from the host's Wi-Fi chipset (specifically optimized for the Realtek 8852BE Wi-Fi 6 card).

​AI Engine: Extracts behavioral features from live traffic streams and passes them to a Random Forest classifier to detect network anomalies and DoS attacks in real-time.

​Low-Overhead Engineering: Optimized the Python data pipeline to hold background CPU utilization under 5%, proving security tools don't have to kill system performance.

​Modular Design: Built with a decoupled architecture (strict separation between the packet sniffer layer and the AI inference logic) for clean maintainability.

​My Core Stack:

​Languages: Python, SQL

​Domains: Network Security, Machine Learning, Data Pipelines, Backend Dev

​Tools: Npcap/Wireshark, Scikit-Learn, Git

​I love solving hard system-level problems and building things that bridge hardware with software. If your team is looking for a self-starter who can dive deep into documentation, write clean code, and ship features, I’d love to chat.

​Feel free to DM me here or comment below if you have an opening or want to connect!",solicitation,,yes,,"The poster is explicitly recruiting opportunities by asking readers to DM or comment with job openings, making this a self-referral for hiring rather than a request for advice or information sharing."
"I built a free resource to attack technical interview prep to break into tech — really hope it helps
As internship and job market heats up, I'm posting just in case someone needs additional resources for internships/FT.

Context: My college friends struggled with engineering (non-SWE) technical interviews. After studying talking to more college students, I noticed many don't know what to expect on technical interviews.

In response, I created VoltageLearning.com

How it works -

Practice verified interview questions vetted by from employees at top companies (NVIDIA, Apple, Google, etc)

Complete short exercises, testing conceptual and design-based engineering skills (sorted by beginner, intermediate, advanced)

Test skills in live interview style questions and gather feedback on strengths and weaknesses

Brush up on content with courses

Providing statistics on performance over time (beta).

Pretty simple setup. I've leveraged my tech network and built this with input from my friends.

I'm looking for some feedback to help shape hiring for non-SWE interviews. Every survey response provides us loads of value to shape features - Survey

Here is the link VoltageLearning.com",solicitation,,yes,,"The poster is promoting a website/product (VoltageLearning.com) and explicitly soliciting survey responses and user engagement, which constitutes external action they want readers to take."
"Hi, I was in tech for 20 years on and off and didn't realise I had ADHD (and possibly AuDHD). I also had perimenopause when I was doing software bootcamp.

It can be so difficult esp when. You don't understand what's going on with your body and mind! some big questions here but it'd be great to understand a bit more.

There are

I'm running a free webinar tomorrow Weds 10 Sep at 12pm and wo9uld love if yo9u c9uld come along - it'll be so good for you.

https://attycronin.com/older-women-tech-or-career-transitions",solicitation,,yes,,"The post transitions from personal narrative to actively promoting and recruiting attendance at a webinar with a direct link and call-to-action, seeking the reader to take external action (register/attend)."
"Mass call tomorrow for laid off tech workers
Update: link to recording of call

[mods: hopefully this free resource and community-building event isn’t viewed as self-promotion. Our past calls were majority men in tech so I’m trying to get the word out to women in tech]

Hi all, I co-lead a volunteer-led nonprofit called What We Will.

Tomorrow we’re holding a free mass call for laid off Meta workers and allies. All are welcome. If you’ve been laid off from another tech company or role, please join as most of the resources and guidance from guest speakers won’t be specific to Meta.

More info here: https://movement.wwwrise.org/

Hope this helps. My co-director and I are two women in tech over age 35 with 30+ volunteers making programs happen for over 1,000 members. We hear you, see you, and hope you’ll feel empowered to join the What We Will community for support and to spark the change we all know is needed in this industry.

SheTO is another awesome nonprofit community if you haven’t checked them out yet: https://www.sheto.org/",solicitation,,yes,,The poster is recruiting people to attend an external event (the mass call tomorrow) and directs readers to take action by joining the community through a provided link.
"I built a free careers resource for ECE technical engineering interview prep after seeing my friends struggle — really hoping it helps
Internship/FT recruiting season is here. I'm simply reposting in case someone needs additional, free resources. I get it... finding a job is tough.

Context: My college friends struggled with engineering (non-SWE) technical interviews, often with FAANG. After studying this pattern for months, I noticed that several college students and early-career engineers simply don't know what to expect on interviews, causing repeated failure and dejection.

In response, I decided to create VoltageLearning.com

How it works -

Practice verified interview questions vetted by from employees at top companies (NVIDIA, Apple, Google, etc)

Complete short exercises, testing conceptual and design-based engineering skills (sorted by beginner, intermediate, advanced).

Test skills in live interview style questions and gather feedback on strengths and weaknesses

Brush up on content with structures courses

Providing statistics on courses completed and performance over time (beta).

Pretty simple setup. I've leveraged my tech network and built this with input from my friends. 300+ users have signed up.

I'm actually looking for some feedback on the product to help shape the hiring ecosystem for non-SWE interviews. Every survey response provides us loads of value to shape features - Google Forms

Here is the link: VoltageLearning.com",solicitation,,yes,,"The poster is promoting a product (VoltageLearning.com), soliciting survey responses via Google Forms, and explicitly asking readers to engage with the external resource and provide feedback to shape the platform."
"I got humilated by an older male manager and I can't stop thinking about it and feeling bad. I ( 25F) am new at my job and the big manager (40 something (M) is living abroad. this whole thing happened via a call. He was very angry with out department and I called him because he raised a case through our channel (part of it written in CAPS) and it was assigned to me. I did not want to call him because I had no solution for his situation, I am not in charge of procedures. But in the end I emailed him and asked him if i can call as I had to solve the case assigned to me (and my boss pushed me to do it)

I told myself I will just call him and talk with him about the whole thing and maybe understand better what needs to be done in the future.

I read what he wrote in the case but I didn't understand all of it. . So basically I called him and tried to tell him the system broke again (this was his main frustration and I cannot do anything about it... but we can do something manually. He didn't even allow me to finish).

Within the first minute he started calling our work laughable and a joke. He talked down to me, kept repeating how I don't understand what he is telling me. Of course he had no idea who I am or that I am new. I said that I can talk to my superior regarding his concerns and he was like: its not an option, you absolutely have to do it! I was lost and forgot about something he wrote in that request so he asked me with fustration, raising his voice: do you at least read what I say? Lets do something together right now. Something very simple. Can you? I don't care its not your fault or your departments work. It can be anyone's. It can be North Krea's fault. Since your department took over its broken all the time. before (while it was with him) it was ok

I told him to talk to me politely as I do, and he said he is polite to me and I said> no, you are not. You are shouting.

he told me that he is not a stupid man (like I was trying to foul him). And reproached me how he had to use his own personal phone to call a business partner because of us (the line was broken on that day too, he said. But I am sure he didnt HAVE to use his personal phone. He made sure to tell me he used it while talking to me and also in his email. He made a huge deal about it. - a call that lasted like 2 minutes lol). Finally he apologised to me somehow

I reported him to the HQ to an upper manager from there and he reached out to him to talk with him about it via an email.

And that guy was way more polite with him than he was with me. Its true it was an email, not a call, but he was respectful.

Some weeks ago he sent an email in which he wrote in bold he must let us know he is totally unsatisfied with the process ( we rarely get negative feedback from other managers though and when it happens its not this harsh and personal)

What I meant with I wanted to impress its strictly professionally. I wanted to listen to him and show him that I do care even though I couldn't really help him. And now I feel so bad",vent_or_solidarity,,yes,,"The poster processes a humiliating experience and seeks emotional validation ('does anyone else feel this?' is implicit), not actionable guidance on what decision to make next—she has already reported the incident and taken action."
"Who else is the most terrifying tech person in their org?
Starting this thread to give confidence to all the young engineers and such who don't think they will make it. I was there too once.
When I first joined my current company one or two long-timers got flirty, only to abruptly end all attempts after I started getting recognition from many levels above them. Yes people used to try to nitpick my code, now they shudder at the thought of me reviewing theirs. It helps that my org is a brutal meritocracy, so I can recruit people on multiple levels of leadership as my bouncers when someone is being difficult.
I think besides the internet's favorite archetype of the confused junior female engineer, there is also the ""cerberus"" one. People are familiar with it and it's honestly not that hard to be seen as embodying it. Better to be feared than loved.
Senior women who have achieved this, how did you get there? What are your stories of asserting dominance? What environment did you need to get there?",vent_or_solidarity,,yes,,"The poster shares their own experience to reassure and inspire others ('give confidence to all the young engineers'), pattern-naming the 'cerberus' archetype, and asks rhetorical/solidarity questions ('Who else...', 'anyone else get there?') rather than seeking actionable advice for their own decision or problem."
"Burnt out after 5 years (rant)
Have been working in corporate environment since 21. I’ve always been very driven and passionate however i ended taking up unimpressive jobs for the sake of benefits. (Getting to leave my almost third world country). The thing is that even though my job is barely stimulating, people would kill for it. Reputable name, amazing benefits, work life balance, my manager and I get along great, coworkers are very understanding and caring. Everything is perfect on paper but i want to die every morning so i can skip work. I hate feeling ungrateful for everything i’ve been given.

I feel that i’ve not made any substantial progress over the last 5 years. Knowing myself, if i’d been in the right environment or enjoyed my work, in 5 years I wouldve climbed my way much higher. But instead I feel suffocated. I probably have to stay one more year until I get a permanent residence and can easily apply for other roles. Sorry for the rant but i have no one to talk to.",vent_or_solidarity,Rant?,yes,,"The poster describes their burnout experience and emotional distress without requesting actionable guidance—they acknowledge they must stay for one more year and end by explicitly framing this as a rant with no one to talk to, seeking to be heard rather than to receive specific advice on what to do."
"How do you emotionally recover from being blatantly disrespected and undermined by insecure men in the workplace?
It takes a massive toll and im struggling with how to handle it all",vent_or_solidarity,,yes,,"The post describes a painful experience and seeks emotional processing rather than actionable guidance—'how do you recover' is a rhetorical expression of struggle, not a request for specific recommendations on what to do differently."
"Belittled for asking to be included in my own product's roadmap. How do you rebuild confidence after corporate betrayal?
TL;DR: I was a PM in a highly complex org where I felt undermined by senior leadership. After being publicly humiliated by a mentor-figure executive, I resigned. I’ve since struggled with a major loss of confidence and left Product Management entirely. I’m looking to hear from other women who have rebuilt their careers and confidence after difficult leadership experiences.

I (35F) worked in Product for 6+ years at a tech company where I reported into a VP of Product, alongside a CPO, CTO, and a Chief of Data Science.

Over time, I found myself in a situation where my team was accountable for product outcomes without full visibility or influence over key technical decisions being made by the Data Science organization. Important timelines and feature commitments were sometimes communicated to me late or indirectly through other functions like Sales or Professional Services.

When I raised concerns about cross-functional alignment and decision-making clarity, I was often told the issue was my perception rather than the structure itself.

The CTO had been a long-time mentor figure and corporate godfather to me prior to the other senior leaders joining the organization, and I felt comfortable bringing concerns to him as well during 1:1s. He encouraged escalation and suggested closer alignment with the Data Science team through a shared communication channel that he also participated in. Despite that, the structural issues did not meaningfully improve.

A breaking point came during a leadership meeting where a new AI-related feature was presented that had been developed by the CTO and Data Science team. This was tied to my product area, and I would ultimately be responsible for stakeholder expectations and execution.

In that meeting, when I raised concerns about the need for earlier Product involvement and better cross-functional collaboration, the once-charming CTO snapped. I was berated in front of my peers and direct managers (CPO, VP of product) with ""YOU SHOULD BE THANKING ME"" and was then told by the CPO that I should be more appreciative of the work being done by the CTO and Data Science team. He then asked that I personally apology to the CTO in the same meeting in front of the same group of people (which I gave while wiping away tears from my eyes). In hindsight, I should have shouted right back and stood up for myself but it's too late.

That moment deeply impacted my trust and confidence.

I resigned a few months later after more than 6 years at the company. I did not fully share the extent of my experience during my exit process because I was emotionally exhausted. Shortly after I left, the executive team was replaced by the board.

Since then, I’ve struggled with a significant loss of confidence. I’ve left Product Management entirely, taken a lower-paying role, and find that my nervous system reacts strongly to workplace tension in a way it never used to. I often default to avoiding visibility and conflict just to feel safe.

I’m sharing this because I’m trying to process the experience and understand how others have moved forward after something like this.

I’d really appreciate perspectives from other women in tech on:

Have you ever experienced a major breakdown in trust with leadership or a mentor figure?

How did you rebuild your confidence afterward (especially if you stayed in tech)?

Looking back, did you reframe the experience differently over time?

I’m not necessarily looking for validation of what happened — more trying to understand how people heal and move forward after experiences that shake your confidence in a lasting way.

TIA",vent_or_solidarity,,yes,,"While the poster asks questions at the end, these are rhetorical explorations seeking emotional connection and shared experiences ('does anyone else feel this?') rather than actionable guidance on what to do next—the narrative stands complete as a processing of betrayal and lasting impact, with the stated intent to understand how others have 'healed' rather than solve a specific decision the poster faces."
"Emotions normalized for men but not for women
It’s exhausting to be calm and bottle up emotions while men can be moody without being labeled as difficult. Does anyone else feel like this way?",vent_or_solidarity,,yes,,The poster shares a frustrating pattern they've observed and asks 'does anyone else feel this way?' rather than seeking actionable guidance on what they should do about it.
"AI has inflated the egos of my non-engineer, male colleagues
Management has started giving software development projects to employees who are not engineers and have 0 computer science or even programming experience. How will they complete these projects? Vibe coding!

In the beginning, I saw them struggling a lot. They didn't even know what to prompt the LLM, let alone how to evaluate its output. I saw horrific security risks. Repos were absolute swamp messes. They inevitably consisted of two branches, one called main and the other some cryptic string that had numbers in it. The cryptically-named branch had countless commits, each co-authored by Claude, each containing 50+ changes spanning the entire code base.

I decided to pour myself into conveying the fundamentals of software development to my colleagues. I thought it was unfair they'd been given software development tasks with 0 knowledge of the field. I balked at the specter of technical debt and security gaps looming before our entire team. I've spent hours laying out best practices and giving tips, holding the hands of my colleagues as they wade through their projects. I'm the only engineer who has volunteered and spent time doing this, and I'm also the only woman on the entire team.

The result is predictable. I should have known.

As they started delivering and receiving praise for their ""accomplishments"", they started to act arrogant and secretive around me. Some of the ideas I shared with them, they would ask if they could try their hand at, and I excitedly said yes, that would be a great learning experience! They would then ask me for the exact specs, feed them into Cursor, get a working app, and turn around and present the app to the team to great applause. No mention of it being my idea. No mention of how I told them exactly what they would need and how they came to me 15+ times to make sure the LLM's output was correct. One of them even came to me after presenting my idea in a meeting and said bashfully, ""That was your idea, right?"" As if the guilt had gotten to him, but not enough to actually tell the others it was my idea.

The arrogance is baffling. I overheard one colleague telling another how he used to be impressed with a former employee, because that employee hand-coded some interfaces. He said, ""Bruh I could vibe-code something way better-looking in like 5 minutes!"" Silently I'm thinking to myself, Because you have no idea how it works. You literally don't even know the name of the stack the LLM used to create that. If you sat in front of a blank text editor and tried to code ANYTHING by hand, nothing would come out.

The secretive part is what really irks me, though. They still depend on me to deploy anything. I noticed it earlier this week: my colleagues started asking me vaguely about deployment, without saying what they want to deploy. It annoys the hell out of me. Just be upfront and say what you want.

They want to feel they 'built' something from start to finish. They don't want to have to hand things off to me. Mind you they're still coming to me for help throughout the actual building phase.

I noticed this secretiveness particularly because there's a larger project one of them has been vibe-coding that I assumed I would need to deploy once he was finished. I asked him earlier this week if he could send me his repo, and there was this weirdness in the air. He and the other colleague glanced at each other. Later, when I had headphones on, I heard them talking about how the one was going to deploy the project, just give him a few days.

In the end it was too complex for them and I had to take over anyway, but the whole atmosphere has really gotten to me. Even while deploying this project, I had to change a lot of the code because it was full of the dead-ends, loops, weird dependencies and bloat you can expect from a vibe-coded app. I asked the author if he had the API key his project needed, and he goes ""Nope. Migrated it to this other API""

Yeah bro, your code is still asking for the first API key. I just can't imagine someone else spending so much time and effort on my project, and replying to their question with ""Nope."" (While being wrong on top of that). And not immediately giving me the API key he thought his project needed??

He has yet to thank me for deploying this for him.

It hurts. During meetings the guys all praise and thank each other. Multiple times I've had to fix things that my male colleagues recklessly vibe-coded, and many times I've sat down one-on-one with a colleague so he wouldn't look bad in front of the others. They never say thank you to me in the meetings.

It's made me like AI even less. AI has taken a lot of the fun out of software development, because management expects 10x the speed from me and I don't have time to code by hand. But now I've also got a bunch of 20-something guys around me who think they're software engineers on par with the rest of us who have 10+ years experience in this field.",vent_or_solidarity,,yes,,"The poster describes a frustrating pattern of being invisible labor, unappreciated, and undermined by colleagues, but is not asking for actionable guidance on what to do—they're processing injustice and seeking validation that this experience is unfair."
"How common is actually being expected to work during maternity leave? Two different experiences
We all know working during maternity leave is often illegal or against company policy. Answering a quick question to unblock the team is one thing - regular involvement is another. I've seen both ends of the spectrum, and what surprised me is that the large corporate wasn't necessarily the safer space. The gap between official policy and manager behaviour can be its own kind of pressure.

· Corporate (my leave, left a few months after returning): My manager was disorganised, so I drove my own handover. During leave, he texted to check in, then emailed a question I suspect came from an aggressive partner team. I answered once and cited the policy. He was careful not to put anything in writing that could backfire on him - the pressure was subtle, but real. After I returned, he complained my shared files were on my company OneDrive hence inaccessible, something I genuinely hadn't realized beforehand. It felt less like feedback and more like an excuse he'd used with stakeholders while I was away. The whole experience highlighted how much the return-to-work dynamic depends on a manager's integrity, not just the policy on paper. I left a few months later.

· Startup (colleague now): Her manager has remote discussions with her 1-2 times per week during leave. Not emergencies - regular updates and work talk. There's no official policy blocking it, and the unspoken pressure is ""stay in the loop or fall behind.""

In one place, the pressure came through a manager navigating his own self-interest despite a strong policy. In the other, it's baked openly into the culture. Both feel problematic in different ways.

Questions:

· Have you experienced that gap between official policy and manager behaviour in a corporate setting?
· Is this worse in startups than big companies, or just differently broken?
· How do you set boundaries pre-leave without it backfiring later - especially when the pressure is subtle?
· For those who left a job after a bad return experience, how did you know it was time?

Not looking to rant - just trying to understand the landscape and help others spot red flags early.",vent_or_solidarity,,yes,,"The poster shares two contrasting maternity leave experiences to illuminate a pattern about the gap between policy and practice, then asks rhetorical questions that invite community validation ('anyone else experience this?', 'is this worse...') rather than seeking actionable guidance for a decision they face."
"Manager is making me send her my slack messages before I send them in group messages
So random, just needed to put this somewhere.

I'm cracking up, she wants to approve that. THAT is micro-managing to it's finest. My last manager was basically non-existent.",vent_or_solidarity,,yes,,The poster explicitly states 'just needed to put this somewhere' and shares a frustrating experience for processing rather than seeking actionable guidance on what to do about the situation.
"Never baking again
I am so annoyed right now. I am the only women engineer in a group of 60 men, it is as annoying as you think it would be. I baked a bunch of cookies as some stress relief over the weekend and brought the extras into work. Most of my coworkers were super appreciative and love them, one man just had to go and ruin it for everyone. ""Aww look at you getting all maternal on us! Should do the same thing around this time next week."" BROTHER YOU HAVE RUINED IT FOR THE WHOLE GROUP AND I WILL NEVER BRING BAKED GOODS IN AGAIN.",vent_or_solidarity,,yes,,The poster shares a frustrating experience of being stereotyped and wants to process the unfair comment; the emotional narrative is complete without any actionable question or decision for the community to help resolve.
"is it just me or did ""AI adoption"" quietly become a pink-collar job inside engineering
genuine question, not rhetorical, because I want to know if I'm seeing a pattern or a coincidence.

on my team specifically:

the woman SRE (me) got asked to write the internal prompt library and ""champion"" the new tools.

the other woman on the team got asked to run the lunch-and-learns and collect feedback.

the guys are ""assessing the models,"" ""looking at the agent stuff,"" and ""thinking about the architecture implications.""

so the women are doing documentation, enablement, feedback collection, and emotional change management. the men are doing evaluation, architecture, and strategy. for the exact same technology.

and I cannot tell if my team is unusually clueless about this or if it's just the old division of labor wearing a new outfit. the grunt work that doesn't get you promoted, redistributed onto the women, except now it's AI grunt work so it sounds modern.

is this happening on your teams too? specifically the split between who ""evaluates"" the AI and who ""enables"" it. because if it's everywhere then it's not my team, it's the thing, and I'd genuinely rather know.",vent_or_solidarity,,yes,,"Despite the framing as a 'genuine question,' the poster is primarily venting about a pattern of gendered labor division they've observed and seeking validation ('is this happening on your teams too?') rather than requesting actionable guidance for their own situation."
"is it just me or does ""culture fit"" only ever get raised about the women and the people who push back, never about the guy everyone agrees is brilliant but impossible?
asking because i've now watched this happen at three companies and i need to know if it's a pattern or my imagination.

theres always a guy. brilliant, everyone says so, and also openly dismissive, talks over people, makes the codebase his personal fiefdom, reduces juniors to tears in review. and his behavior is filed under ""he's just direct"" or ""that's how he is, but the man's a genius."" culture fit never comes up. he is, definitionally, the culture.

meanwhile ""culture fit"" gets raised in hiring and promo about the woman who's a little quiet, or the one who pushed back on a bad decision and was right, or the candidate who didnt do the after-work beers. suddenly fit is a measurable concern, a real risk, a thing to discuss.

so ""culture fit"" seems to mean ""makes the existing people comfortable,"" and the existing people are comfortable with a brilliant jerk and uncomfortable with a woman who has boundaries. it's not about fit. it's about who gets the benefit of the doubt, and competence buys men that benefit while it makes women a ""fit risk.""

am i wrong? for the women here in hiring or promo rooms, have you watched ""culture fit"" get applied this asymmetrically, raised about the woman with edges and never about the man with a reputation? and did you ever find a way to name it in the room without becoming the next fit concern yourself?",vent_or_solidarity,,yes,,"The poster describes a pattern of unfair bias they've observed across multiple companies and asks rhetorical questions ('am I wrong?' 'have you watched this?') seeking validation and shared experience, not actionable guidance on what they should do about their own situation."
"I’ve reached the point of burn out where I think i’d feel relief if I got laid off…
I’ve been with my company for 5 years. It was cool at first, but within the last year I’ve noticed how nothing ever gets done. It doesn’t help to add in the changes in management. New management means I need to prove “my value” for a “promotion”. I could care less. Morale is dead. My coworkers are a pain to work with.

I am only here because I am fully remote. I am expecting that to change sometime this year because the company is slowly RTO. I refuse to RTO, my commute would be unsustainable.

I’ve been trying to find a new job since March. I had a few interviews and ultimately the feedback I get is I do not have “enough experience” compared to the pool of candidates, but that I interviewed well. Without referrals I’m not getting interviews.

The stress of studying/prepping for interviews while working FT was unsustainable for me. I was so stressed out I had to go on beta blockers. I’m so burnt out I dread every night before bed. I have even started considering a career change out of tech. I feel like even if I get another job, it’s going to be the same bs just different company politics. Sometimes I find relief in hoping they lay me off instead.",vent_or_solidarity,,yes,,"The poster shares a painful burnout narrative and explores their frustrations with their job, interview process, and the tech industry, but there is no actionable question seeking specific guidance—they are processing their emotional state and seeking validation that others understand this experience."
"Company is losing their minds over AI costs
I made a post a few days ago how my company took away access to claude due to the increased cost. They also took away gpt 5.5.

Yesterday, they sent out a company wide email how “unprecedented” and “disruptive” this has been. They seem at a complete loss on what to do, one of the options seems going all in and giving everyone a ton of monthly credits or the opposite and just bare bones.

The one option is 13,000 credits through GitHub copilot a month. For the month of June, we have 11,000 and I am already at 37% after the first week.

My company is around 40k employees. Is there anyway to know how much the 13,000 credit a month plan would cost? Curious to know how much they are willingly to pay. Three months ago they did a round of layoffs before GitHub announced the new business model around pricing.

Edit: LMAOOOOOOO 100 credits is $1. Lmaoooo our piece of shit VP who rebranded as us “AI first” after the layoffs really thought this would replace us. This shit about to be so expensive lol.

2nd Edit: The CTO just emailed out a link to ijustvibecodedthis.com (an ai coding newsletter!?!?) for us to sign up to so that we can ""stay in the loop"" of the ""most profound change in software engineering"". what is even going on anymore at this point lmaoooo",vent_or_solidarity,,yes,,"The poster is sharing frustration about their company's chaotic AI strategy and layoffs, with rhetorical questions and exclamations expressing bewilderment rather than seeking actionable guidance on what they should do."
"Have y'all changed spending habits due to job security fears?
AI layoffs, no entry level positions, etc. Have y'all changed personal spending habits due to job security fears, even those who are still employed? What sort of future are you preparing for, and how are you doing so?",vent_or_solidarity,,yes,,The poster asks rhetorical/survey-style questions ('Have y'all...') to explore shared experiences and validate concerns about job security rather than seek actionable advice for their own situation.
"Feeling helpless, hopeless, and frustrated
I’m based in the US. Got let go from company last September. This is the longest I’ve gone unemployed. The job market is absolute garbage. I feel I’ve exhausted my network and LinkedIn connections. I’ve only gotten to 3 final stages, and all passed on me. I feel tired and frustrated and like there’s something wrong with me. I’ve been doing product marketing for 10+ years btw, and I also happen to be 7.5 weeks pregnant so yeah…the hormones could be really getting to me today haha 😩

Anyway, just ranting. If anyone can commiserate, please feel free to join in!",vent_or_solidarity,,yes,,The poster explicitly frames this as 'just ranting' and invites commiseration rather than requesting actionable advice on how to improve their job search or handle their situation.
"less ambitious and i feel guilty about it
i used to be a typical “insecure overachiever”. would jump through every conventionally lauded hoop, read all the tech bro / business literature, keep up with the latest tech zeitgeist. over the past year, as i’ve become a parent, i’ve found myself just … not caring anymore.

i want to work at a job i enjoy, with reasonable hours. spend time with my family. read for curiosity and pleasure, not for making myself a better tool for achievement.

sometimes i feel weird and guilty about it, especially with the pace of new developments. it’s like there’s a silently growing backlog of things i should attend to.

has anyone else felt the same? did you ever get your ambition back? should i even care if i get it back?",vent_or_solidarity,,yes,,"The poster shares a personal shift in values and seeks validation ('has anyone else felt the same?') and perspective ('should i even care?'), but there is no actionable decision they need community guidance to make—the narrative itself about changing priorities is complete without external advice."
"I feel like I'm going insane
This is more of a vent than anything else but input would be nice. I've been in Product for over 18 years. I worked most of FAANG but after the last wave of layoffs about 3 years ago, I seriously needed a break. I got on with a smaller company and the first 1.5 years it was amazing. My manager was the best, I was respected, I took a product they were going to sunset and revamped it so it's now our most requested product. I constantly had good reviews, they flew me around the country just to speak to clients and at conventions, etc. However, starting last fall, things began to change. The owner left along with a few other higher ups, a new ceo came on, the company was sold, etc. Then my Dec performance review came and suddenly I wasn't good enough. I was being told I wasn't technical enough. Let me tell you that to take this job I took a pay cut of half my normal pay. This was for a better balance and less stress. Also a technical PM would make significantly more than a PM. Although I have no idea where this came from I did take steps to become more technical and I've met that. (even though there is no pay bump or title change involved) now I'm being told I need to engage more with the devs. Here is the thing, I already do. They come to me all the time. In fact it's hard to get my work done sometimes because I have so many people across the company that come to me for everything. I feel like the goal post is constantly being moved.

There is also a big cultural difference here as I'm the only token white woman and everyone else is Indian. I've noticed that my peers get promoted all the time yet I haven't at all. Also they can go on a vacation for a month and then take every friday off but I get scolded for taking a long weekend.

Also I've noticed a bit of jealousy around me going to speak with clients and conventions. My background is in radio and entertainment. I was a DJ for 5 years and I did commercial work so I know how to be ""on"". They wanted me to teach them how to present better but I honestly don't know how because it comes natural to me. Since the new CEO came on, I haven't gone to anything new (honestly I'm fine with it, i prefer to be a homebody.)

Also one of the newly promoted directors then hired a bunch of people from her village and I've never met a group of people that are so confidently wrong. They make me feel like I'm the idiot when I know what I'm saying is correct. (example being they rolled out a feature without consulting Product, it was completely wrong and then I got blamed because it was a ""product communication issue"" even though no one told me they were starting the wrong and I had no visibility into it.

Now they are asking that I start doing the work of an assistant, on top of my normal duties and I'm honestly so fed up. For example writing tickets that takes a person a week to write, (they are highly technical) but I'm suppose ot take it on plus everything else.

I guess it's time to rework the resume, if anyone knows of anything at the crossroads of fintech and cybersecurity, let a girl know.",vent_or_solidarity,,yes,,"The poster describes a frustrating pattern of moving goalposts, cultural dynamics, and unfair treatment, processing their experience rather than seeking specific actionable guidance—the final sentence about resume updates is casual and peripheral to the core narrative of being heard."
"I am the only female FE dev in my team
Hello,
As the title says I am the only girl in my team, the only girl frontend developer. The rest of the team is men. While they are nice, polite and supportive I miss having another girl on the team. This happened to me in the past on another team and I feel like it’s becoming very common for teams to have mostly men. Is anyone else experiencing same?",vent_or_solidarity,,yes,,The poster shares a frustrating experience of isolation and seeks validation ('Is anyone else experiencing same?') rather than asking for actionable advice on what to do about their situation.
"Is Imposter Syndrome a shared experience among us all?
I am always doubting and second guessing myself. Even when I have achieved what I wanted to so far, I still discredit all the hard work I put in all these years and just think that I got lucky, which makes me question everything that I have achieved so far & I don't think I am an expert in anything. I get very nervous when someone wants to ask a question about a project I am working on because I feel I won't be able to give the right answer and they will think that I am dumb, even when I am the most knowledgable person for that topic in my team. It feels like I am in my own way most of the times. Is this normal? I don't see this happening with men around me at all.",vent_or_solidarity,,yes,,The poster shares a personal frustration about imposter syndrome and seeks validation/commonality ('Is this normal? Is this a shared experience?') rather than actionable guidance on what to do about it.
"I stopped trying to fit in
I finally gave up cause I genuinely will always feel the odd on out no matter how I behave.Im at this job close to 9 months, the only woman in the backend team and it feels like I’m the blackseep.Whenever I go for launch and I see my team together they all suddenly go quite.There is a big chance they also talk behind my back because a coworker from another team told me they chit chat about everyone (including me).I genuinely do not care anymore I’m happy with my people and my hobbies and they can talk all they want.I won’t change to become more feminine or more masculine or more witty or more talkative so I can fit their boxes.I probably will never be included and I’m done trying.

Vent",vent_or_solidarity,,yes,,"The poster shares a frustrating experience of social exclusion and isolation at work, culminating in an emotional declaration of acceptance, with no actionable question or request for guidance on what to do differently."
"Finally got my big break into the field and I have never felt more dead inside
I love the work but hate everything else about the job and my life. Had to relocate for this job, know nobody here, facing constant sexism/racism at work.

When will it stop feeling like this? Life feels like a grind it feels like there’s never a break it’s just one problem thrown at you after another",vent_or_solidarity,,yes,,"The poster shares a painful experience seeking emotional validation and processing rather than actionable guidance; the question 'When will it stop feeling like this?' is rhetorical and seeks reassurance, not a specific recommendation to resolve their situation."
"Am I overthinking?
I am working as full stack developer in a Bank with all male devs. I always feel my PRs got scrutinised more as compared to my male counter part. It’s really getting to me nowadays. I have many instances in the past where a male colleague overlooked big mistakes in another PR but scrutinised even basic things in mine.

Did you also face something like this? Or is it just my brain overthinking it?",vent_or_solidarity,,yes,,The poster shares a frustrating pattern of bias they're experiencing and asks 'am I overthinking?' and 'did you also face this?' — rhetorical questions seeking validation and shared experience rather than actionable guidance on what decision to make next.
"Company went with another candidate before my final interview.
A bit of a rant post, so apologies in advance.

I feel like I’ve been trying to find my ideal role for 2 years now. In late 2024, I left a company and role I loved for a startup because I wanted more ownership. That startup role ended in a layoff 9 months later. Now, I am at a different organization that is fine, but feels so outdated/legacy-ish and like a stall point in my career. I want to be somewhere more innovative and tech-forward, that has me excited about what I do like my first role.

So, I have been actively applying and interviewing. It’s such a draining process. I got contacted by a recruiter via LinkedIn, had a call with him and we really connected. Met the hiring manager, same thing. I had a final round interview scheduled for this week and then on Friday night, the recruiter emailed me to let me know they’re closing on another candidate so my interview is cancelled.

Feeling defeated by this job market and disappointed in myself a little. I know it’s just a job, and I am so thankful to be employed during this wild time, but man I miss feeling proud of what I do 🥲",vent_or_solidarity,,yes,,"The poster shares a frustrating experience and emotional processing ('feeling defeated,' 'disappointed in myself') without requesting actionable guidance—removing the questions leaves a complete narrative about job search burnout and career dissatisfaction."
"I flopped in coding intervew for the question i know very well
i am crying as i am typing it was minor twist or change to medium level question leegckde worst part is i know the approach but couldn’t code . i feel i am cursed and extreme unlucky

i made simple mistake in implementing and ended up taking the time

its something so close but so far. why is coding so difficult.

i am not even getting lot interview this was referral and i flopped so hard , i am crying as i missed the best opportunities",vent_or_solidarity,,yes,,The poster is processing emotional distress about a failed interview through narrative and rhetorical questions ('why is coding so difficult') rather than seeking actionable guidance on what to do next.
"Does it get easier?
Hi,

Ive been working for around 2 and a half years. My team consists mostly of men. Talking to them feels like more like an argument than it does a conversation. Everything I say is met with some or the other variation of “Are you dumb?”.
Ive also passed one level of a big financial certification exam. I wake up everyday feeling like I wanna quit. Please tell me this feeling goes away",vent_or_solidarity,,yes,,"While the post ends with 'Please tell me this feeling goes away,' this is a rhetorical plea for reassurance rather than a request for actionable guidance—the poster is seeking emotional validation and solidarity about a difficult experience, not advice on what specific decision or action to take."
"Career stuck
32 F here.

I left my job in the US and moved to UK for family. I’m trying to clear the Senior SWE interviews but the interviews have become so hard, now I‘m having anxiety with leetcode.

Sometimes I just want to pivot looking into this SWE job market. But getting into other roles are not so easier either.

Just fedup with this situation.",vent_or_solidarity,,yes,,"The poster expresses frustration about their career situation and anxiety with interviews, but doesn't ask a specific actionable question—they're processing their stress and fatigue rather than seeking advice on what to do next."
"Potential
Has anyone successfully been hired somewhere based on potential?

I mean, in addition to your past work history, is the hiring manager looking at long term potential?

I ask because my experience has been that women have to have “demonstrated” knowledge / experience in whatever the role is. But I have seen men hired many times, who have no direct experience, but the manager thinks they’re “capable.” Or they are so excited and are “willing to learn.”",vent_or_solidarity,,yes,,The poster uses rhetorical questions to describe a pattern of gender-based disparity in hiring rather than seeking actionable guidance for their own decision; the core ask is 'does anyone else experience this?' rather than 'what should I do?'
"Position Eliminated
I was told last week that my position has been eliminated, but they are giving me 2 months to find a new job internally within the company before I'm officially terminated.


The thing is, I've been trying to transfer teams for the last year to one that better takes my career in a direction I wanted to go, more operations and less technical, but have been the runner up candidate for open roles several times now. It doesn't seem like finding a new role internally is an actual option.


I'm still expected to keep doing my current job in the meantime although I don't know how they expect me to do much between applying for jobs and just dealing with the anxiety with all the uncertainty. I'm worried I'm going to be let go early because I can't focus on getting any real work done.


Have others been in similar situations and how did it turn out? Should I try for roles way below my level and take a big pay cut just to stay at the company? The job market is rough out there right now so staying internal would likely be easier. Part of me just wants to take a few months off of working completely or trying a completely different industry. But it also feels crazy to start over when I have 15 years already invested in tech.",vent_or_solidarity,,yes,,"The poster shares a stressful situation and asks rhetorical/solidarity questions ('Have others been in similar situations?', 'anyone else feel trapped?') rather than seeking specific actionable guidance—they're processing anxiety and looking for validation that others have faced this dilemma."
"Downsides of workplace relationship.
I know this is possibly the worst kind of thing you could do wrt your career.

Having said that I know of several couples that met at work, married and have happy lives as well.

It definitely was uncomfortable for me and other team-mates when we found they were dating and changed team dynamics. They disclosed to HR etc and did the prescribed things. We even went to their weddings!

But I wonder how they ever got into the situation of dating. I've heard that they found it difficult to find people in social settings, and most spent a very very large portion of their day at work routinely for years, even weekends. This is not new in tech (gen-z is better at pushing back :D)

Would you be completely against it? did u ever? and how to navigate it or avoid it? people are people. In an ideal world, you'd keep it completely professional, but stuff happens.

Edit: follow-up question

If you are in a relationship, how did you initially cross the professional boundary? I am asking because as everyone knows if you are approached by a person who you like, it is a different response and if not it feels like a violation. Tricky",vent_or_solidarity,,yes,,The poster shares observations about workplace relationships and asks rhetorical/exploratory questions ('Would you be completely against it? did u ever?') seeking validation and collective experience rather than specific actionable guidance for a decision they face.
"got asked, again, if i could ""grab the new hire's manager"" when i am the new hire's manager
principal engineer. fifteen years in. i was standing in the room i booked, for the onboarding i organized, for the engineer i hired.

a senior guy from another team poked his head in, looked past me to the most junior man present, and asked if he could ""grab whoever's running the new hire's onboarding."" i said that's me. he said ""oh, i meant the manager."" i said that's me. he said ""oh,"" and there was a pause that did a lot of work.

this happens to me on a schedule. the assumption that the woman in the room is the coordinator, the scheduler, the assistant, the helper, anyone but the person in charge.

fifteen years and the default guess is still ""she's not the one.""

i'm not even angry today. just tired of being a surprise.",vent_or_solidarity,,yes,,"The poster shares a frustrating pattern of gender-based dismissal in her leadership role, processing her exhaustion and invisibility; there is no actionable question or decision she's seeking community input on, only a pattern-naming lament."
"I feel like I'll never be able to adapt to this system
How do you even find the right work environment? It's just so hard for me. I think I'm someone who's quite sensitive to team dynamics, and I need to think things through carefully before speaking up or sharing my opinion. I don't have an aggressive, loud personality or communication style, and I don't think I'll ever be able to change my personality. I find it really uncomfortable in male-dominated work environments sometimes, because the whole system feels at odds with who I am, and my instinct is just to withdraw. My ideal work environment is definitely a diverse one, diverse in both background and personality, where everyone can find a spot that plays to their strengths, rather than being suppressed by a single dominant vibe.",vent_or_solidarity,,yes,,The poster shares a frustrating pattern about their personality fit in tech environments with no actionable question—only rhetorical musing ('How do you even find the right work environment?') and emotional processing of their struggle to adapt.
"i'm tired of being the only person who flags the bias and then being treated like the problem for flagging it
staff engineer. somewhere along the way i became the team's conscience and i didn't apply for the job.


i'm the one who says ""our candidate pool is all one demographic again."" i'm the one who notices the AI tool we're adopting has a documented bias problem. i'm the one who points out the panel is five guys.


and every time, there's the pause. the ""well, we don't want to lower the bar"" reflex. the subtle repositioning of me from ""raised a fair point"" to ""is making this difficult."" i flag the thing, and the cost of the thing somehow becomes mine.


so now i'm choosing my battles, which is a polite way of saying i'm staying quiet more, which is exactly what makes it easier for it to keep happening.


how do you keep flagging without becoming the designated buzzkill? or do you just stop.",vent_or_solidarity,,yes,,"The poster describes a recurring frustrating experience and seeks solidarity ('am I alone in this?') rather than actionable guidance—the final questions are rhetorical explorations of an impossible dilemma, not requests for specific advice on what to do next."
"Mocked and not being respected by other women…
I need to vent, and I honestly need some validation from other women in this space because today left me completely drained.

For context, I’m good on paper, get along well with most people and do my job well but keep my head down to avoid being further targeted. What’s interesting is I get along great and have respect from other people outside my team- other workers, leadership, managers, analysts, and our end-users. I was recently promoted to senior and no one on my team congratulated me. If anything, new hires and everyone outside my team congratulated me. I’m not sure what I’ve done to have the majority of them not like me but it seems they’ve replaced me with the person who left, who was also a WOC but she was also feeling disrespected.

Today, the toxicity was high. Boss had an emergency meeting with the 3 of us seniors. I gave good, measurable feedback based from my experience being a chair member on a global organization. I was not bragging but suggested building a team portfolio to help with re-engagement and prevent being on the cutting board bc that’s what he was worried about.
Later on, he suggested making tutorial videos for our end users when two of the other seniors mocked me with, “oh Diana can do it! She can be on video! Since she’s in charge of the marketing! HAHAHAHA.” The history is that my boss had me in charge of doing this back in 2021 but kept changing goal posts. One of the gals tried to hijack it and I was still included but nothing came of it. As a former people pleaser/polite person, I didn’t agree to get along. In my stoic voice, I said, “hold on what is happening? WHO is assigning this to me exactly?! Okay, yeah we can stop.” They laughed and laughed until one of them back down and said, “just kidding.” Boss didn’t say anything but “tried” to diffuse by asking if we can do tip sheets based on new compliance rules which I then was fine again.

It’s getting draining being around this. If we are on the cutting board, I’m not surprised. My boss is conflict avoidant and has built this culture of favoritism, nepotism, and protecting low performers. My therapist encouraged me to take the current senior job i have for now for the pay raise and just apply once the baby is born. That’s another thing- I’m also pregnant. For a team who can’t even give me a basic “congrats” when we’ve done this for each other work other things, I’m even debating sharing it with them. I think telling my boss and HR is my only line of obligation now.

Thanks for letting me vent.",vent_or_solidarity,,yes,,"The poster explicitly states 'I need to vent' and 'Thanks for letting me vent' at the end, sharing a detailed narrative of workplace disrespect and toxicity to be heard and processed rather than seeking actionable guidance on what to do next."
"AI at work is ruining my thinking skill and mental health
I really want to cry but it feels ridiculous to cry about AI.

I work in software for security, and recently I'm been tasked to handle evaluating a security risk for our org. But my background is centered in writing software.

I'm a bit more ok with writing code with AI, even though it also gives me brain fog and I hate not understanding my own committed code changes (due to velocity required). But analyzing a big org using AI is regurgitating AI output to AI input in a loop. I lost meaning of what's the point of what I'm working on. My manager assigned me tasks that don't make sense where the description is generated with AI too. I feel like we have a chain of people creating fake work with AI and using AI to do fake work. It feels so confusing and meaningless. My teammates tasked with similar things are also very confused. We don't have a security degree, and all we can do is giving AI as much data as we can gather and force it to write a report. But we have to all pretend to know what we're doing towards our managers.

AI caused inflated expectations didn't help. Before people will give a week's headup to create a presentation, now it's a few hours. Pointless dashboards, writeups or presentation are being asked for. I don't think the readers are digesting those data even.

I truly truly hate this way of working. It's giving me a brain fog and really bad depression after work. I lost interest in my usual hobbies. I kept getting sick.",vent_or_solidarity,,yes,,"The poster describes a frustrating work situation and emotional toll without asking for actionable guidance—they're processing their distress and seeking validation that others feel similarly, not requesting specific advice on what they should do."
"The trend of female tech influencers shilling AI coding agents worries me
EDIT: I wasn’t expecting reactions so harsh as to being harassed in DM. I naively thought this community was about promoting women in tech, but it is instead just as toxic as any male dominated tech space.

Lately, on Instagram especially, I've been seeing a lot of ads featuring female tech influencers like mewtru, bylannii, ux_deniza, and many more. They're advertising AI agents (mostly Cursor) and showing how easy it is to use them to make cute projects just by writing a prompt, or by simply saying the idea out loud and letting the agent do everything.

I think this is problematic for three main reasons. First, it downplays the importance of putting real effort into tech. Second, it hurts the credibility of female tech influencers, and of women in tech as a whole. Third, it frames fun and educational projects as a chore to be automated away, rather than a source of enjoyment and learning.

AI agents are not necessarily bad, but they should not be used as a shortcut to replace a proper education. They can improve workflows, and are being used more and more in the industry, so knowing how to use them is, willing or not, an important skill to have. But beginners (who are the main audience that can benefit from these influencers) should not rely on them before actually learning how to code, or how to tackle a problem. Instead, they're being led to believe they can build any idea that pops into their head without knowing anything about tech.

As for the credibility of women in tech, these ads simply hand ammunition to sexists and to people who downplay what women can do. They give the impression that women can't engage with the hard parts of tech, and can only build things through AI agents.

And finally, it's disheartening that these influencers are using AI agents to build fun or educational projects. Those projects should exist first and foremost to have fun, learn something new, and engage more deeply with tech and with the work of others. It's no different from a food influencer hiring a private chef to cook their recipe ideas instead of making cooking tutorials.

What gets to me most is that I started my journey as a CS student precisely because I watched the videos of mewtru and ux_deniza. I really believe they, like their fellow female influencers, can be genuinely inspirational and motivational in bringing more women into tech. This just isn't the way to do it.

EDIT: apparently it's not a shared opinion on this sub that we should promote education (in all its forms, not just formal university studying), promote women actually engaging in tech and having them learn the joy of technology. Instead, we should promote a blind usage of AI agents because ""at least they can build stuff immediately this way!"". I am not talking about the general usage of AI agents, I am talking about educational channels stopping being educational.",vent_or_solidarity,,yes,,"The poster shares frustration about a trend they find problematic and seeks validation ('does anyone else feel this way?'), but there is no actionable question about what they personally should do—the critique is directed at influencers' behavior, not a request for guidance on the poster's own decision or situation."
"Manager suggested work accomodations then rejected them
Title says it. I hope he dies a painful death",vent_or_solidarity,,yes,,The poster is expressing anger and frustration about a manager's behavior without requesting actionable guidance on what to do next; the emotional venting ('I hope he dies a painful death') is the primary content rather than a question seeking advice.
"Were managers and bosses less annoying before AI or did they have a different thing to nag about back then?
I graduated last year and started my first corporate job in December. I basically started when the whole ""using AI, everything is AI, AI AI AI AI"" thing was (and still is) in full blast. So basically I haven't experienced a corporate tech job before AI.

I hate it so much, not the work in itself (which isn't my life's passion either). I'm not going to go into detail about that because I'm sure people know what I'm talking about.

Got me wondering though, is this whole pestering thing they got going on something that has always happened, but with a different shiny new thing, or is AI unique in its horribleness.

I honestly hope this somehow fizzles out or I might just consider going back to uni.",vent_or_solidarity,,yes,,"The poster shares frustration about their workplace experience with AI hype and management pressure, using rhetorical questions ('were managers less annoying before', 'is AI unique') to process their feelings rather than seek actionable guidance on what to do about their situation."
"What was your Senior -> Staff/Principal promotion like?
As a Senior SWE whose next promotion would be to Staff/Principal level at big tech, I’m curious to hear from other women who’ve gone through it. What got you the promotion?",vent_or_solidarity,,yes,,The poster is asking 'does anyone else have this experience?' and seeking to hear others' stories for perspective and connection rather than requesting actionable guidance for a specific decision or problem they face.
"So much fomo with AI valuations
I have seen so many of my friends or acquaintances move over to highly (over?)valued companies whose equities ballooned to millions. I feel like i missed the ship. I feel so anxious 😭 does anyone else feel that way? I was supposed to be at one of the best publicly traded AI companies, and I still feel this way… I thought I was doing OK since the company’s AI models are great; little did I know I should have gone over to the startup sides / private frontier labs where upsides are much bigger. I feel like a loser i this..",vent_or_solidarity,,yes,,"The poster shares anxiety about career choices and missed opportunities, with rhetorical questions ('does anyone else feel that way?') seeking validation rather than actionable guidance on what decision to make next."
"Early Career Programs → Early Burnout?
Any other alum of 2010s women-in-tech career initiatives here feeling intense burnout, even though you’re still technically quite “early” in your career?

Context: I did Girls Who Code Summer Immersion Program when I was 16, then apprenticeships (aka internships for high school-aged GWC alum) at 17 and 18, then interned every summer of college and started work right after graduation with a return offer from my final internship. My experience with Girls Who Code was amazing, but I feel like I’ve been in tech for over a decade, even though I've only been in a full-time position for 5 years.

Now, I’m 27, and I’m experiencing burnout that is making me want to leave tech altogether. I know most people in tech are feeling some degree of burnout right now, and AI definitely hasn’t helped, but to be honest, the earlier stages began before AI even became a factor.

So, overall, I guess I’m just wondering if anyone else is out here feeling both immensely grateful for early-career opportunities, especially as a woman in tech, but also like being so focused on career growth since teenagehood is catching up with you, and you don’t know what you want to do with your life now?",vent_or_solidarity,,yes,,The poster shares a personal experience of burnout and gratitude but ends with a rhetorical 'does anyone else feel this?' question seeking solidarity and validation rather than actionable guidance on what to do about their situation.
I’m so tired of eating lunch alone,vent_or_solidarity,,yes,,The post is a brief emotional expression of frustration with no actionable question or request for guidance—it's designed to be heard and validated rather than solved.
"Things said behind my back
I’m tired, y’all. I just started a new role a couple months ago after 6 weeks in a job I HAAAAAATED and 8 months of unemployment before that. During my first project, I was told by a really cool field engineer that they sent him to work on a project because they were afraid my new team of two women were too liberal and the other guys wouldn’t want to work with us. When I met a new engineer yesterday, he told me that he had heard complaints that most of the people I’d recommended to work on our team were women. To be fair, it’s a very male-dominated field, so a) the hardest working people I know are women and b) all the men I’d want to work with are already in cushy roles.

I’m 46. I have a mortgage and a child, both of which I am solely financially responsible for. I can’t just go do something else. I figure I can probably stop working in tech in 6 years when the kid graduates. If I’d had the luxury of just being able to do my job and not required to constantly prove myself despite having stellar experience, I would be so much further along in life. I’m so tired of fielding this kind of nonsense. I’m in a field that’s 9% women and only 2% women in technical roles. This is part of the reason I’ve been able to bring new clients on in the first place- women are tired of the mansplaining and I’ll actually listen to what they need. But no, the dude who works in the middle of nowhere and hasn’t landed a client yet is the one who’s being catered to. They’re even considering opening an office near him instead of near me. I’m geographically closer to the bulk of our potential client base and I’d actually work from the office- he has no intention of ever working from anywhere but home.

I don’t know if I want spectacular success at this company to prove them wrong or if I just want to survive until I can stop working in tech. Either way, I’m losing my will to put up with this shit.",vent_or_solidarity,,yes,,The poster shares a painful pattern of discrimination and unfair treatment to process her frustration; there are no actionable questions about what she should do—only rhetorical expressions of exhaustion and internal conflict about whether she even wants to stay in tech.
"toxic cultures seeping into other companies
I work with some people whose last roles were at Amazon, and they are impatient, joyless, and overall terrible to work with. Is this just everywhere now toxicity seeping into corporate cultures and not Amazon specific? Or is this a known issue that comes from hiring people from Amazon, who need a corporate mental health detox?",vent_or_solidarity,,yes,,"The poster is describing a frustrating pattern they've observed and asking rhetorical questions ('is this just everywhere?' 'is this a known issue?') to process and validate their experience, not seeking actionable guidance on what they should do about their own situation."
"Didn’t know I was this bad at interviewing
I feel very down so please be kind.

I could post it in the interview sub but I feel like they are very harsh there from time to time and I can’t handle it now.

I got two rejection emails today.

One was a FAANG.

I knew it would be a no after the first round but it still sucked.

It felt like a college oral exam where the HM read questions from the paper and refused to give more details when I asked clarifying questions.

It was not an interview that was “tell me about a time” style. More like what steps you take for this, if you have to change xyz how you would do it.

I had prepared 5 stories as the recruiter suggested but I could only use one of them.

She asked 14 questions in 29 mins!

And the recruiter said he’s only seeing 6 questions and lots of follow up questions in the system. So, I don’t know if some were so bad that she didn’t even enter them in the system or grouped them differently but it would be min 9+ follow ups when you group questions.

I thought I did well for the other role. I was 85% sure.
Again a big software company but not FAANG.
It was a contract role.
Contract role interviews are generally easier.
So I was shocked when I got rejected.

Both kind of gave the same feedback.
So I should take it to heart and improve myself I know.
It just sucks to be this terrible after a decade in my field.
I did two contract roles at FAANG companies.
So somehow I did well in interviews in the past.

FAANG recruiter said HM feedback was generally positive and he had seen people do way worse. He said I did good in GCA (general cognitive ability) and soft skills ( I was like thanks I’m not a monster of course I’ll do well in soft skills) but he said I should give more detailed answers in the future.
I completely messed up the STAR method and forgot to talk about success metrics/ achieved KPIs.

The other one said my answers didn’t have the scale of responsibility she is looking for which I kind of disagree because I already did that exact role in the past and she was very impressed with my resume until I opened my mouth. I just can’t verbally form it in a way that shows me as an authority in my field.

My peers are head or directors in the same field and I’m stuck at lead title with no direct reports.

I’m getting older and so afraid of being judged at work and falling behind even more.

I talk about my experience, my thought process, how I solved similar problems in the past but somehow it doesn’t fit the rubrics style they look for. English is my second language so I wonder if that also contributes to my failure.

If it’s a story telling style interview I do well, but if it’s analytical then I fail to communicate my knowledge and success. I’m a hands on person and I can’t remember the jargon during the interviews.

I have one more big interview coming up.
I even scheduled a mock interview for next week.

I’m also applying for a role that I’m way overqualified because I can do it easily and I need a job. My last contract ended on Dec 31. I’m running out of money and mean recruiters judge the gap on my resume despite the job market being so difficult.

So, I don’t even know what I’m asking for.
if you have any tips to transform this pumpkin into an eloquently speaking successful self sufficient Cinderella please do tell. In the mean time I’ll go for a walk not to cry.

P.S: I work in tech but in a non-technical role.",vent_or_solidarity,,yes,,"The poster processes a painful experience through detailed narrative and self-reflection, ending with 'I don't even know what I'm asking for' and a self-aware, emotional closing rather than a specific actionable question they want answered."
"Burn out after 4 different companies
I have had 4 jobs in 4 years ranging from FAANG to start-ups with 200, 20, and 2000 employees.

I’ve hit a wall- after a year of begging for more resources for my team, being told to do less with ai, constant fire fighting, I’m completely burnt out from the stress.

when I ask my manager for help he says “what would you do?” - I get he is trying to push me to become more senior but Im genuinely asking for help and told to invent the solution from the person I need help from. over time I just stopped asking for help.

the whole company is convinced we don’t need to hire more because of ai, while the customer base keeps growing. it’s led to everyone being spread extremely thin and stressed out 24-7. most people work 16 hour days and weekend. it’s ruining my life, health, and relationships.

after 4 years of exhaustion and being the only woman in every team I join, I feel like I need to reset my life. work has drained my happiness and energy from me. I am a high functioning depressive and I no longer feel joy in anything just persistent exhaustion (I am working with a therapist on this).

i am thinking about going back to school. I always wanted to work on music / tech and in particular study DSP / mixing. I am stuck in a loop - I feel like the only career that makes enough money to survive is in tech. this is something that was instilled in me from my family and I’m trying to unlearn it. I just want to have a career that doesn’t push me to the brink of collapse.

just posting this to seek some validation/ hear from other woman who felt like giving up or restarting their career.

i have had 4 jobs in 4 years and feel like I can’t leave my current position because it will make me a job hopper, but the environment is extremely toxic and draining in my current spot. if anyone has advice or similar stories it would be so nice to hear",vent_or_solidarity,,yes,,"The poster explicitly states 'just posting this to seek some validation/ hear from other woman who felt like giving up or restarting their career' and asks for similar stories rather than actionable guidance—the primary request is emotional validation and connection, not a solvable decision or recommendation."
"Ai everywhere and I’m kind of sick of it
I’m in a large tech company (not faang) and I’ve been there a couple of years. I have survived rounds of layoffs and reorgs, we’ve lost so many people and are constantly told to do more, go faster with AI, and fewer people to get the job done. Everyone is expected to use Ai all the time, despite the rising costs.

Most of my work contributes to various elements of gtm systems, data, and ai, but i need to do the conceptual work first before i can really design things.

Everyone is building these tools and skills in Claude or cursor or whatever, and I have some skills I’ve made in gpt, but I don’t really have the time to build out this whole ai ecosystem of tools in order to do my job when I can just do it myself. Like I need to connect MCPs and set up a knowledge base and tenets and so many things to get it to do what I want, which just feels like a ton of extra work.

This is not to say I don’t use ai at all, I use it daily for writing, documentation, checking grammar, analysis of datasets, working through problems, etc, but I don’t code much and so a lot of that stuff seems like more of a time suck than is necessary.

I know lots of folks have great project management tools they’ve built, I could probably use that but it’d be mostly just for me, is it really worth it or necessary for me to spend all this extra time on this stuff? I know “AI is the future” but you don’t need to run a full dishwasher load to wash one dish.

Am I just super wrong? Should I just give in and spend a weekend building all this stuff? I don’t want to be “left behind” since I like being employed but I don’t like spinning my wheels building tools to do what I already do with extra time I don’t have.",vent_or_solidarity,,yes,,The poster shares frustration about AI pressure at work and asks rhetorical questions ('Am I just super wrong?') seeking validation rather than actionable guidance on what specific decision to make.
"If you want help…
The audacity of men.

“Yea so if you want help you should…”

It’s gate keeping under the guise of helping.

The experience I usually have from men helping versus women helping. They won’t proceed unless you do exactly what they want.

And you know what? We have to fucking grin and do the thing, if we want to get what we want.

I’m not talking about anything audacious or inappropriate. It’s just small power trip shit.",vent_or_solidarity,,yes,,The poster shares a frustrating pattern they've experienced without requesting actionable guidance; they're processing and naming a dynamic ('gatekeeping under the guise of helping') rather than asking the community what they should do about a specific situation.
"Vibe bias?
I wrote a post on here the other day and (rightly) got slammed for being lazy and spammy. I was just genuinely excited to share that my app had launched and also trying to get a gauge on how many women are building, founding, launching apps. I can't find and good data on this.


What I didn't expect is how much of a stigma there is around using AI and how hard it is to explain the difference between ""knocked this up in a day"" versus using full product strategy rigour.


I thought it might be helpful to show the receipts and put together a case study of the AI build and all the work that went into it. These numbers are probably a bit embarrassing as someone with true coding expertise could have probably done this in half the time but I wanted to show behind the curtain.


The output is what you’d expect from a small, serious team, just compressed by AI-enabled throughput: ★ 2,747 commits ~64% AI-authored ★ 733 PRs merged (all founder-reviewed) ★ 878 test cases ★ 11 CI workflows ★ Strong security practices (RLS discipline, signature verification, fail-closed patterns, hardened functions)


https://glossy-time-21a.notion.site/Starboard-Manifest-Case-Study-37b6f6ccb2c181119742c494c3731dbc


Has anyone else found that extra explaining is needed when you built something robust with the help of AI? Also is there a better word to use than vibecoded?


And who else, amongst us women, is building like this?",vent_or_solidarity,,yes,,"The poster shares frustration about bias against AI-assisted development and seeks validation ('Has anyone else found...', 'who else...amongst us women') rather than requesting actionable guidance on a decision they need to make."
"Coworker told me he struggles to talk to women
We were at a team night out getting drinks, I (22F) was the only woman out of like 15 people and the only person who doesn’t drink so I already felt a little out of place. One of my coworkers was a little drunk and said to other men that he couldn’t look at me because he gets nervous talking to women, I overheard my name so somebody repeated what he said to me.

This man is like mid-30s. He has a wife and newborn daughter. He also just seems so nice and friendly, like he knits at work to stay focused. I don’t know how he struggles to talk to women still at this point in his life. I also don’t know why I can’t stop thinking about it, it’s really affecting me.

There was another guy 10 minutes later who was being kind of flirty talking to me and has been doing so since I met him a month ago. He’s like a decade older than me and I’m not interested in dating a coworker

I don’t know I guess I’m just like.. are these the kinds of people who I’m going to have to spend the rest of my career dealing with. Why did I pick computer science",vent_or_solidarity,,yes,,"The poster shares a frustrating workplace experience and processes her feelings about it, but has no actionable question—the rhetorical questions ('are these the kinds of people...?', 'Why did I pick computer science') express venting rather than seeking specific guidance on what to do."
"is there a company neing run by anyone who doesn't think AI is a magic wand?
Engineers use AI the least in my company. The most are management, producing slop. Are there any companies not AI high?
I’m tired of working for suckers.",vent_or_solidarity,,yes,,"The poster is venting frustration about AI overuse at their company with rhetorical questions and pattern-naming ('producing slop,' 'suckers') rather than requesting actionable guidance on what they should do about their situation."
"i cried in a one-on-one for the first time in my career last week and im still processing what it means
eight years. ive never cried at work. i pride myself on it, honestly, which is probably its own problem. last tuesday in a one-on-one with my skip, talking about why i didnt get the promo, it just came, and i couldnt stop it, and i was furious at myself the whole time it was happening.

it wasnt about the promo exactly. it was that the reason given was ""the team needs to see more leadership presence from you,"" and i have been leading. i lead the incident response. i mentor three people. i carry the most fragile system we have. and ""presence"" is the word that gets used when a woman has done all the leading and still doesnt look like their picture of a leader.

the part im still sitting with is that the crying felt like losing. like i'd proven their quiet thing about women being emotional, in the exact moment i was making a completely rational point about being overlooked. the tears undercut the argument and i hate that they did, and i hate that i care that they did.

my skip was kind about it, which somehow made it worse, because i didnt want kindness, i wanted the promo i earned.

i dont fully know why im posting this except that the ""be more present"" feedback with no actionable meaning is something i suspect a lot of us have gotten, and the crying-at-the-unfairness-then-being-angry-at-the-crying loop is something i've never heard anyone name. has anyone come out the other side of getting the vague ""presence"" feedback? did you ever decode what they actually wanted, or is it just the thing they say?",vent_or_solidarity,,yes,,"The poster is processing a painful experience and implicitly asking 'has anyone else felt this?' rather than seeking actionable guidance on what to do next; the rhetorical questions and the stated intent ('i dont fully know why im posting this except that') signal emotional processing and pattern-naming, not a decision to be resolved."
"Why do other women in tech get respected but not me?
I thought the problems I’m having was because of being a woman in tech but then I see other women getting respected but not me

Why me?

If the reason is technicals - I asked cursor to go through my PRs genuinely and compare with the other midlevel woman on the neighbouring team who got seconded to my team.

My PRs has 15% more correctness (according to cursor) and 10% more style comments. And cursor said the pr comments I received had a more directive and critical tone whereas the or comments she posted had a warmth and rapport tone. So if the concern was my technical skills I think this correctness throws that out of the window.

I’ve mentally prepared myself for reddit to hate on me definitively without having the full context as I see thats what reddit too",vent_or_solidarity,,yes,,"The poster shares a painful experience of feeling disrespected compared to peers and seeks validation/processing rather than actionable guidance; the rhetorical questions ('Why me?', 'Why do other women...') and self-analysis with cursor don't constitute a genuine ask for what they should DO next."
"It’s important for women to take up space in male dominated spaces
I’m the only woman on my team (large ecomm tech company). Most of my friends IRL work traditionally feminine paths, teachers, social workers, therapist etc. Sometimes they give me a hard time for not working a “passion” job or a job that actively helps people. But when men work these tech jobs, nobody bats an eye.

I actually think it’s so important for women to be at the table in these types of companies. To set an example, to offer different perspectives, and to simply prove we can do it too. Women are socialized from birth to seek “caretaking” jobs but these almost always pay very little. Are we really just going to let men continue running the corporate world? It’s totally OK and should be encouraged for women to pursue stem and business roles simply to be financially secure and have a solid independent future. We don’t all need to help kids or sick people! Why aren’t men encouraged to take those jobs?

Anyway, just my feminist rant. Do I love working corporate? No. Do I think it’s important for women to have the same access to financially support themselves through STEM and male dominated fields? Absolutely. And that is my purpose, to be an example to young girls that they can do it too and not have to rely on a man financially.",vent_or_solidarity,,yes,,"The poster shares a frustrating experience and articulates a pattern about socialization and gender double standards, ending with 'just my feminist rant'—there is no actionable question for the community to answer, only a rhetorical exploration of why women should take up space in tech."
"the vendor on our call kept directing every technical answer to the junior man on my team. im the staff engineer. i own the decision.
kickoff call with a vendor were evaluating. four of us on, im the most senior, im the technical decision maker, the budget is mine to recommend. theres a junior guy on my team, six months in, lovely, knows a fraction of what i know about our stack.

the vendor's solutions engineer addressed every single technical answer to him. i'd ask the question, and the answer would land on the junior guy's face like i hadnt spoken. twice the junior guy actually said ""thats really a question for her, she owns this."" the SE nodded and then kept doing it.

we're not buying from them. not as some grand statement, just because if thats how they read a room in the sales call where they're supposed to be impressing us, i can only imagine the support relationship.

the junior guy was great about it, for the record, visibly uncomfortable and trying to redirect. i told him afterward he handled it right. small thing. but it's the hundredth small thing, and the hundredth one still costs something. anyone else just quietly route business away from vendors who cant figure out who the decision maker is? feels like the only vote i actually get.",vent_or_solidarity,,yes,,"The poster shares a frustrating experience and seeks validation ('anyone else?'), not actionable guidance—they've already decided not to work with the vendor and are processing the cumulative weight of being overlooked."
"the math i do that the men on my team have never had to do
before i speak in the meeting, i do the math on whether this point is worth the risk of being called too much.

before i push back on the senior architect, i do the math on whether being right is worth being remembered as difficult.

before i ask for the raise, i do the math on whether the data i've gathered is overwhelming enough to survive being told im ""not quite ready,"" because i know ready means something different when it's me.

before i mentor the new woman, i do the math on whether i have the bandwidth to be her only safe person on top of my actual job, and i do it anyway, every time, because someone did it for me.

before i wear the thing, say the thing, send the thing, i run the calculation the men beside me have never once had to run, a constant background process that costs real energy and shows up on no performance review.

im a principal engineer. i am exhausted, and it's not the engineering. it's the math. i dont have a question. i just wanted to set the calculator down somewhere people understand why my battery's always at 12 percent.",vent_or_solidarity,,yes,,"The poster explicitly states 'i dont have a question' and describes this as processing emotional exhaustion and naming a shared pattern of gender-based invisible labor, not seeking actionable guidance."
"Being a former colleague's first startup hire was one of the worst things that's ever happened to me
Whenever I hear someone is going to a small thing with people they know, I am 1) jealous — it should be so fun, 2) scared — they have no idea what it can be like when your ""friend"" signs your paychecks, controls your insurance, doesn't report to anyone, and...inserts themselves into your marriage.

The grief from allowing someone to influence and control me during a hard time is very heavy.

Has anyone had similar experiences of coercive control and boundary violations at very small companies? How did you heal? I don't trust anyone anymore.",vent_or_solidarity,,yes,,"The poster shares a painful personal experience seeking validation and connection ('Has anyone had similar experiences?') rather than actionable guidance on what to do next; the core need is emotional processing and solidarity, not a decision recommendation."
"Have you ever changed how you look just to be taken more seriously at work?
Does anyone else feel like they’re living a double life working in tech?

Outside of work, I love color. I love eclectic jewelry, whimsical outfits, long hair, and expressing myself through how I look. I love the feeling of walking down the street with my hair down in the sun, wearing something that feels like me.

But over the years, I’ve felt this constant pressure to tone myself down in order to be taken seriously as a software engineer.

It started small. I stopped wearing bright colors and switched to black, grey, and navy. I stopped wearing makeup. I wore colorless lip balm. My clothes became baggier and less figure-hugging.

Then I experienced a particularly bad harassment incident, and that was the final push. I cut my hair short to look more masculine.

The saddest part is that it worked.

People seemed to take me more seriously. I felt like I had to fight less to be heard. Male colleagues appeared more comfortable around me, and that invisible barrier that sometimes existed before seemed to disappear.

I grew up in a country with a large Muslim population, and when I moved to a country with a much larger Western population, I honestly thought things would be different. I thought I could finally grow my hair long again and wear more color without it affecting how people perceived me professionally.

But it feels surprisingly similar.

I remember one British engineering manager noticing that I was growing my hair out and asking why. I laughed it off and joked that the weather was getting colder and I needed ear warmers. Not long after, I started noticing some awkwardness and distance from some of the men around me.

I cut my hair again the next day.

These days, I sometimes catch myself dreaming about reaching my FIRE goal, not because I hate engineering, but because I want to stop feeling like I’m wearing a costume every day.

At first, dressing in all black felt liberating. It removed one thing to think about. But after years of it, it can feel a little sad too. Sometimes I look at colorful clothes or jewelry and realize how much of myself I’ve packed away.

Has anyone else especially women in technical fields felt this tension between self-expression and being perceived as competent?",vent_or_solidarity,,yes,,"The poster shares a painful, systemic experience of suppressing self-expression to gain professional respect, with primarily rhetorical questions ('Does anyone else feel...', 'Has anyone else...felt this tension') seeking validation rather than actionable guidance on what to do differently."
"Need to get back into the job market, but I don’t know if I can
This post is half vent, half request for advice.

I got burnt out and took a sabbatical. Fortunately I have enough saved up that I can take a significant amount of time off. After a year and a half of barely even touching a computer, I’ve been able to reconnect with what I love about programming. And I’m developing new design skills.

I feel about programming how I did when I was in school. And I cant imagine ever giving coding up in some form or fashion.

However, in college, I was naive enough to be excited about the prospect of going to work as a SWE. This time around, I’m jaded enough that I know that this industry is very excellent at stifling that joy.

And then there’s the job market, which is tough in and of itself.

But what really gets to me is how hiring is done in this industry. It’s completely broken and nobody seems to be interested in fixing it.

I’ve got 11 years experience working with Angular. But when I previously tried job hunting, I kept constantly getting denied by recruiters because there’s no way I could pass a “react interview”.

Why are react interviews even a thing? I know I have the fundamentals down and could work with a react app (outside of a one hour rushed interview.

Personally, I’d much rather hire someone who knows the fundamentals than a person who knows very specifically about the exact technology. And setting all that aside, how am I supposed to get the experience I need? For seniors, people want to see “deep experience with react internals” or “10 yoe working with react”. That’s not something I can just do writing a todo app.

At the other end of the spectrum you have Leetcode style interviews, which are so disconnected from the actual day-to-day work that it doesn’t seem to really give any useful signal about how good a programmer really is.

Oh, and I haven’t even gotten to AI yet. Honestly, I have zero desire to learn it. But I know that it’s going to count against me in the interview process, and that I’m likely to have to use it in the workplace.

Anyway, this turned out to be longer than I expected it to be. Long story short, I dunno wtf I’m going to do.",vent_or_solidarity,,yes,,"The poster expresses frustration about hiring practices, burnout, and industry dysfunction through rhetorical complaints rather than requesting actionable guidance; they conclude with existential uncertainty ('I dunno wtf I'm going to do') rather than asking the community for specific advice on how to proceed."
"Help me feel better about not negotiating
I know you should always negotiate, and I’m beating myself up about this. Basically, earlier this year I had extreme burnout from my job - it was a toxic place with insane demands on my time. I job searched probably 4 months intentionally looking for a “step down” responsibility-wise. I just really wanted out and more work-life balance.

A few months ago I got a great job offer that I took with some negotiation on additional time off between jobs. I didnt,however, negotiate salary. It was an increase from my previous role, more manageable workload, and honestly I was just so excited to work with seemingly kind folks. The new job has been great, but I am still beating myself up for not at least trying to negotiate. I wouldnt have asked for much more as I was pretty happy with the salary, but I got about $10k under the top of the range they advertised on the posting.

Anyway, what’s done is done and I’m happy to be out of my old role. But hoping someone can give me some reassurance that I didn’t fail myself or this new company by not advocating for more.",vent_or_solidarity,,yes,,"The poster seeks reassurance and emotional validation about a past decision ('give me some reassurance'), not actionable guidance on what to do—the decision is already made and they explicitly state 'what's done is done.'"
"Contract Extension
I’ve been at this company for only 3 months as of yesterday. And I received a message stating my contract has been extended to the end of the year.

My recruiter says they usually never give an extension until the month the contract is due—mine was due to end in September. Now, I’m on the “normal” cadence with the company which is 6/30 to 12/31, meaning that they will do 6-month extensions until they can convert me to a permanent position.

I’m at a loss for words. To get extended 3 months before when typically it doesn’t happen until the month your contract ends—I don’t even know what to say. I’m happy.",vent_or_solidarity,,yes,,"The poster is sharing a positive personal experience and processing their emotions about an unexpected contract extension, with no actionable question or decision they need help with—they're expressing happiness and seeking to be heard."
"
I’ve been in the DC network business for quite a while, when I support network engineer with cable which is custom built and honestly, I’ve met plenty of guys who do racking and stacking — but meeting a woman hardware network engineer is such a rare and refreshing experience! I see women in supply chain, procurement and network PMs but finding a women make me happy 😁

Love it. Let’s definitely stay in touch. ☺️❤️",vent_or_solidarity,,yes,,"The poster is sharing a personal observation and emotional reaction about the rarity of women in hardware network engineering, expressing appreciation and solidarity rather than requesting advice or actionable guidance."
"
I’m really sorry this happened to you. And they impacted your quality of life without properly acknowledging that. I’m just an internet stranger, but please take the time you need to grieve and understand it wasn’t your fault you weren’t set up for success. Please take as much time to process this moment because it definitely was a traumatic experience for you and you don’t want to carry that into the next phase—your future self deserves the brilliant, amazing person you are. Please don’t let this experience and the one before it take away your spark.

I hope when you are ready you take the time to really evaluate the people giving you opportunities as much as they are evaluating you, because you deserve the best. Good luck to you!",vent_or_solidarity,,yes,,"This is a supportive response to someone's difficult experience, offering validation and emotional processing rather than actionable guidance or answering a specific question about what to do."